;meta[language=en]
; id      |key(hex)|key(str)| text
2118472000|1f70c020||Consome $I$% menos Vigor.<br>O dano corpo a corpo recebido é reduzido em $I$%.<br>$I$% de chance de receber dano enquanto girando não causará atordoamento.
2118472001|1f70c022||Aumenta a eficiência da resistência da defesa em $I$%.<br>Reduz o dano recebido através de contra-ataques e aparas perfeitas em $I$%.<br>$I$% de chance de evitar efeitos de atordoamento ao aparar.
2118472002|1f70c024||Ataques rápidos têm uma chance $I$% maior de causar ferimentos.<br>Ataques rápidos reduzem a velocidade do inimigo em $F$%, até um máximo de $F$%.<br>A velocidade do inimigo se recupera após não sofrer dano por $I $ segundos.
2118472003|bcff1d6b||Golpes Separadores
2118472004|1f70c025||Ataques fortes causam $I$% mais dano de equilíbrio.<br>Ataques fortes causam $I$% de dano através de bloqueios inimigos.
2118472005|cea74410||A chance de receber ferimentos é $F$% menor.<br>Custos de equilíbrio quando atacados por trás reduzidos para $F$%.<br>Desviar e redirecionar projéteis custa $F$% menos resistência e equilíbrio
2118472006|bcff1d6e||Trabalho de pés
2118472007|1f70c028||Aumenta a eficiência de resistência do movimento em $I$%.<br>Reduz em $I$% o dano de raspão recebido.<br>$I$% de chance de evitar efeitos de atordoamento enquanto se esquiva.
2118472008|e2e48f8d||Tiro Fixo
2118472009|cea74413||O dano à distância aumenta em $I$%.<br>A lentidão ao mirar em armas à distância aumenta para $I$%.
2118472010|cea74416||Aumenta a chance de resistir a efeitos de escalonamento em $I$%.<br>Reduz o malus de velocidade de baixo vigor em $I$%.<br>Diminui o malus de intensidade do sinal de baixo vigor em $I$%.
2118472011|163a8e70||Modo de sinal alternativo:<br>Aard ataca em um círculo, mas com dano e repulsão reduzidos.<br>Redução de dano reduzida para $I$%.<br>Redução do poder de repulsão reduzida para $I$%.
2118472012|163a8e71||Modo de Sinal Alternativo:<br>Emite um fluxo contínuo de fogo causando $F$ de dano e retardando os oponentes em $F$%.<br>Causa $I$% de dano a inimigos em chamas.<br>O custo do vigor é reduzido em $I $%.
2118472013|163a8e72||Modo de Sinal Alternativo:<br>Cria um glifo protetor que choca os oponentes que realizam ações ofensivas contra Geralt.<br>Causa $I$ de dano e tem a chance de interromper ataques com base no nível de habilidade e equilíbrio do inimigo. Cada alvo pode ser atingido uma vez a cada $F$ segundos.<br>Destrói flechas e virotes que passam pela área.
2118472014|163a8e73||Modo de Sinal Alternativo:<br>Cria um escudo ativo. Mantê-lo e bloquear ataques drena Vigor.<br>O dano absorvido pelo escudo restaura Vigor.<br>Reduz o custo de vigor de ataques bloqueados em $I$%.<br>Aumenta o Vigor restaurado em $I$%.
2118472015|163a8e74||Modo de Sinal Alternativo:<br>O inimigo visado se torna um aliado por $I$ segundos.<br>Chance de sucesso básica de $I$%, -$I$% por marionete atual.<br>Inimigos que atacam ou são atacados por um marionete perde $I$ de moral.<br>O efeito pode ser interrompido quando a saúde do alvo cair abaixo de $I$%.
2118472016|0083ce62||Dissolução
2118472017|8d17aa9c||Aumenta o rendimento ao destilar essências em $I$%.<br>Aumenta a magnitude e duração do Nigredo em $I$%.
2118472018|0083ce63||Purificação
2118472019|8d17aa9d||Reduz o aumento de toxicidade de beber várias poções para $I$%.<br>Aumenta a magnitude e duração do Albedo em $I$%.
2118472020|0083ce64||Coagulação
2118472021|8d17aa9e||Poções (exceto Mel Branco) restauram $I$% de Vitalidade quando ingeridas.<br>Aumenta a magnitude e duração de Rubedo em $I$%.
2118472022|0083ce65||Saturação
2118472023|8d17aa9f||Aumenta a duração das poções em $I$%.<br>Aumenta a toxicidade das poções em $I$%.
2118472024|15dda916||Os óleos de lâmina aplicados são $I$% mais poderosos.<br>Os óleos de lâmina aplicados perdem $I$% menos potência à medida que se esgotam.
2118472025|0083ce66||Fixador
2118472026|8d17aaa0||Os óleos de lâmina aplicados duram $I$% mais.<br>Os óleos de lâmina aplicados reduzem a perda de durabilidade da arma em até $I$%.
2118472027|0083ce67||Transfusão
2118472028|8d17aaa1||Efeitos de óleo são aumentados em $I$% por nível de sangramento inimigo.<br>$I$% de chance por nível de sangramento inimigo de que óleos de lâmina aplicados não percam carga.
2118472029|8d17aaa4||Aumenta a distância máxima de arremesso de bombas em $I$%.<br>A lentidão ao apontar bombas é aumentada para $I$% e a taxa de escorvamento de bombas é aumentada para compensar.
2118472030|0ff5fe16||Afinidade
2118472031|15dda91c||Decocções ativas reduzem o dano recebido de monstros daquela família em $I$%.<br>Active Mutations reduce damage taken from monsters of that family by $I$%.<br>Researched Mutations reduce damage taken from monsters of that family by $I$%.
2118472032|0ff5fe11||Instinto de Caçador
2118472033|15dda917||Arquimutagenicos equipados aumentam o dano causado a monstros dessa família em $I$% por nível.<br>Active Mutations increase damage dealt to monsters of that family by $I$%.<br>Researched Mutations increase damage dealt to monsters of that family by $I$%.
2118472034|0ff5fe17||Acclimation
2118472035|0ff5fe12||Isolamento de cepas
2118472036|15dda918||Estende a duração efetiva de todas as decocções de mutagênicos em $I$% e reduz sua toxicidade em $I$.<br>$I$% de chance de obter mutagênicos regulares como subproduto da alquimia.
2118472037|15dda91a||Aumenta a velocidade em até $I$% com base na porcentagem atual de Toxicidade.<br>Aumenta a geração de Adrenalina em até $I$% com base na porcentagem atual de Toxicidade.
2118472038|15dda933||Reduz o dano recebido em até $I$% com base na porcentagem atual de Toxicidade.<br>Reduz os custos de Poise em até $I$% com base na porcentagem atual de Toxicidade.
2118472039|0ff5fe13||Tolerância Elevada
2118472040|15dda919||Reduz os efeitos contínuos da Febre de Toxicidade em $I$%.<br>Reduz o dano recebido do estouro de Toxicidade em $I$%.
2118472041|0ff5fe15||Controle metabólico
2118472042|15dda91b||Aumenta o dreno de toxicidade em $I$%.<br>Reduz o malus de regeneração de vigor da toxicidade em $I$%.
2118472043|306f5267||Cavaleiro
2118472044|da7e5ba1||Aumenta o dano do cavalo em $I$%.<br>Reduz o medo da montaria em $I$%.<br>Galope drena $I$% menos resistência.
2118472045|306f5269||Estudos Alquímicos
2118472046|da7e5ba3||Aumenta o saque alquímico de monstros e ervas em $I$%.
2118472047|da7e5ba4||Para cada peça de armadura leve equipada:<br>+$I$ ângulo de esquiva seguro<br>+$F$% geração de adrenalina<br>-$F$% recebeu chance de lesão.
2118472048|da7e5ba5||Para cada peça equipada de armadura média:<br>+$I$% resistências secundárias<br>-$F$% atraso na regeneração de resistência<br>-$F$% atraso na regeneração de equilíbrio.
2118472049|da7e5ba6||Para cada peça de armadura pesada equipada:<br>+$F$ regeneração de resistência<br>+$F$ regeneração de equilíbrio<br>+$F$% de chance de knockdown ao realizar defesas perfeitas e contadores de bash.
2118472050|754d1890||Ganhe $I$ Adrenalina no início do combate e permite que as defesas gerem Adrenalina.
2118472051|dd7afa8b||Golpe de Graça
2118472052|754d1891||A chance de acerto crítico é aumentada em $I$% por ferimento inimigo.<br>Acertos críticos agora multiplicam a chance de ferimento em $F$, acima de $F$.
2118472053|dd7afa8c||Refinamento Alquímico
2118472054|754d1892||Ao preparar poções, óleos ou bombas, um ingrediente contaminado ou de qualidade será tratado como um nível de qualidade $I$ mais alto.
2118472055|dd7afa8d||Frota
2118472056|754d1893||Aumenta a velocidade de movimento em $I$%.<br>Correr em combate não drena a resistência nos primeiros $I$ segundos.
2118472057|754d1895||Os efeitos benéficos dos alimentos e bebidas duram $I$% a mais.<br>Enquanto bem alimentados e bem hidratados, você ganha $I$ em vitalidade.
2118472058|dd7afa90||Posicionamento
2118472059|754d1896||Aumenta o poder de ataque de flanco em $I$%.<br>Aumenta o ângulo de esquiva seguro em $I$.
2118472060|dd7afa92||Manutenção avançada
2118472061|754d1898||Os buffs de manutenção do equipamento duram o dobro.<br>Kits de reparo aplicam buffs de manutenção.<br>$I$% de chance de um kit de reparo não ser consumido em uso.
2118472062|dd7afa93||Caçador
2118472063|754d1899||Aumenta o dano contra alvos de contratos de monstros em $I$%.<br>Os troféus são vendidos por $I$% a mais.
2118472064|dd7afaaa||Lutador
2118472065|754d18b0||Adiciona armadura de manopla ao dano desarmado.<br>Remove a penalidade de dano desarmado contra monstros.<br>Aumenta o equilíbrio em $I$.
2118472066|754d18b1||O peso máximo de transporte é aumentado em $I$.<be>As penalidades da armadura equipada são reduzidas em $I$%.
2118472067|cea74418||À medida que a Vitalidade cai abaixo de $F$%, cada ponto de Adrenalina aumenta a Regeneração de Vitalidade em até $F$ e reduz o dano recebido em até $F$.
2118472068|6dcf4535||Pontos de habilidade de mutação necessários para desbloquear
2118472069|09e37be1||Dreno de Toxicidade
2118472070|9ac99c6f||Danos a Sobrenaturais
2118472071|d083d32c||Dano de gelo
2118472072|3ff69286||Chance de relaxar
2118472073|1935a008||Dano de veneno
2118472074|1b47b2ca||Chance de lesão
2118472075|4daea6a8||Chance de escalonamento
2118472076|8cda7a5f||O dimeritium no veil oil impede temporariamente algumas habilidades mágicas e sobrenaturais.<br>Bloqueia habilidades por $S$ segundos.
2118472077|252e4c38||Embora originalmente desenvolvido como uma ferramenta para as crueldades de Falka, a ética do uso deste óleo é facilmente ofuscada por suas aplicações no caminho.
2118472078|d835eee2||Uma graxa com partículas de prata, permitindo que espadas de aço danifiquem criaturas sobrenaturais e causando queimaduras de prata que interrompem sua regeneração.<br>Queima criaturas sobrenaturais por $S$ segundos, causando $S$ de dano por segundo.
2118472079|c32c566a||Aumenta a resistência ao sangramento, e o sangue do bruxo fere e repele vampiros e necrófagos quando eles o ferem.
2118472080|c32c566b||Aumenta a resistência ao sangramento, e o sangue do bruxo fere e repele vampiros e necrófagos quando eles o ferem.
2118472081|c32c566c||Aumenta a resistência ao sangramento, e o sangue do bruxo fere e repele vampiros e necrófagos quando eles o ferem.<br><br>Poção superior: o dano devolvido também diminui o moral.
2118472082|1b06cd08||Aumenta a geração de adrenalina e, quando um inimigo inicia um ataque, o tempo diminui por um curto período.
2118472083|1b06cd09||Aumenta a geração de adrenalina e, quando um inimigo inicia um ataque, o tempo diminui por um curto período.
2118472084|1b06cd0a||Aumenta a geração de adrenalina e, quando um inimigo inicia um ataque, o tempo diminui por um curto período.<br><br>Poção superior: a velocidade é compensada proporcionalmente à adrenalina atual.
2118472085|874e9f86||Aumenta a velocidade de evasão, ângulo de esquiva seguro máximo e eficiência de resistência ao esquivar ou correr.
2118472086|874e9f87||Aumenta a velocidade de evasão, ângulo de esquiva seguro máximo e eficiência de resistência ao esquivar ou correr.
2118472087|874e9f88||Aumenta a velocidade de evasão, o ângulo máximo de esquiva segura e a eficiência de resistência ao esquivar ou correr.<br><br>Poção superior: anula os efeitos de cambaleio ao se esquivar.
2118472088|be845121||Aumenta a máxima vitalidade e resistência a lesões.
2118472089|be845122||Aumenta a máxima vitalidade e resistência a lesões.
2118472090|be845123||Aumenta a vitalidade máxima e a resistência a lesões.<br><br>Poção superior: à noite, os ataques recebidos não podem causar mais de 1/5 da vitalidade máxima. Durante a lua cheia, 1/6 da vitalidade máxima.
2118472091|3a84c328||Aumenta a resistência a envenenamento e dano de veneno e acelera a redução de acúmulos de veneno.
2118472092|3a84c329||Aumenta a resistência a envenenamento e dano de veneno e acelera a redução de acúmulos de veneno.
2118472093|3a84c32a||Aumenta a resistência a envenenamento e dano de veneno, e acelera a redução de acúmulos de veneno.<br><br>Poção superior: quando bebido, cura uma porcentagem de vitalidade igual à porcentagem de toxicidade atual.
2118472094|7e132eab||Aumenta o equilíbrio, a eficiência da resistência defensiva e reduz o dano recebido por contra-ataques e defesas.
2118472095|7e132eac||Aumenta o equilíbrio, a eficiência da resistência defensiva e reduz o dano recebido por contra-ataques e defesas.
2118472096|7e132ead||Aumenta o equilíbrio, a eficiência de resistência defensiva e reduz o dano recebido por contra-ataques e aparas.<br><br>Poção superior: anula os efeitos de cambaleio ao aparar.
2118472097|27d6f7d6||Aumenta a regeneração do vigor.
2118472098|27d6f7d7||Aumenta a regeneração do vigor.
2118472099|27d6f7d8||Aumenta a regeneração do vigor.<br><br>Poção superior: a regeneração do vigor não é impedida pela toxicidade.
2118472100|9e58d1f3||Aumenta a intensidade do sinal.
2118472101|9e58d1f4||Aumenta a intensidade do sinal.
2118472102|9e58d1f5||Aumenta a intensidade do sinal.<br><br>Poção superior: Os sinais sempre aplicam seus efeitos especiais.
2118472103|56747c55||Aumenta a regeneração da vitalidade. O efeito é pausado por 2 segundos ao receber dano.
2118472104|56747c56||Aumenta a regeneração da vitalidade. O efeito é pausado por 2 segundos ao receber dano.
2118472105|56747c57||Aumenta a regeneração da vitalidade. O efeito é pausado por 2 segundos ao receber dano.<br><br>Poção superior: a duração é pausada enquanto estiver em plena vitalidade.
2118472106|437e276a||Aumenta a regeneração de resistência e a eficiência de resistência ofensiva.
2118472107|437e276b||Aumenta a regeneração de resistência e a eficiência de resistência ofensiva.
2118472108|437e276c||Aumenta a regeneração de resistência e a eficiência de resistência ofensiva.<br><br>Poção superior: a duração é pausada à noite.
2118472109|295c2a69||Aumenta a penetração de armadura, dano de equilíbrio e dano através de bloqueios.
2118472110|295c2a6a||Aumenta a penetração de armadura, dano de equilíbrio e dano através de bloqueios.
2118472111|295c2a6b||Aumenta a penetração de armadura, dano de equilíbrio e dano através de bloqueios.<br><br>Poção superior: acertos críticos têm a chance de desencadear um frenesi, diminuindo o tempo e aumentando a velocidade.
2118472112|de026195||Drena a toxicidade ativa e dormente e cura a febre da toxicidade, mas cancela todas as poções ativas.
2118472113|de026196||Drena a toxicidade ativa e dormente e cura a febre da toxicidade, mas cancela todas as poções ativas.
2118472114|de026197||Drena a toxicidade ativa e adormecida e cura a febre da toxicidade, mas cancela todas as poções ativas.<br><br>Poção superior: o cancelamento dos efeitos da poção é atrasado em 10 segundos.
2118472115|9ec8a224||Aumenta muito a regeneração da vitalidade.
2118472116|9ec8a225||Aumenta muito a regeneração da vitalidade.
2118472117|9ec8a226||Aumenta muito a regeneração de vitalidade.<br><br>Poção superior: quando embebida, cura 30% da vitalidade perdida.
2118472118|739e1e2c||Para cada lance equipado: os ataques têm +$S$% de poder de ataque de flanco e chance de lesão por $S$ segundos após uma esquiva, e as esquivas têm +$S$% de eficiência de resistência e redução de dano de raspão por $S$ segundos após um ataque .
2118472119|739e1e2d||Ferimentos que você inflige reduzem a velocidade e o dano do inimigo em $S$%.
2118472120|8ed43e3f||Para cada conjunto equipado: $S$% do dano Etéreo que você causa reduz permanentemente a força inimiga, gelo, fogo, choque e resistências mentais. Pode quebrar imunidades a danos, mas não status.
2118472121|8ed43e3e||Enquanto estiver dentro de um círculo Yrden, você tem +$S$% de aumento de lentidão no tempo, +$S$% de regeneração de Vigor e +$S$% de Intensidade para outros Signos.
2118472122|d23efdaf||Para cada lance equipado: defesas perfeitas causam $S$% a mais de dano de equilíbrio, quebra de equilíbrio de um inimigo restaura $S$ de resistência e ataques de quebra de equilíbrio causam $S$% a mais de dano.
2118472123|d23efdb0||Cada ponto de equilíbrio atual reduz a perfuração da armadura inimiga em $S$% e o dano recebido por bloqueios em $S$%. Cada ponto de equilíbrio perdido aumenta a velocidade de ataque em $S$% e o dano de equilíbrio em $S$%. O equilíbrio não irá regenerar a menos que esteja bloqueado ou parado.
2118472124|85e8fbd1||Para cada set set equipado: aplicar sangramento gera $S$ Adrenalina e cada ponto de Adrenalina ganho acima de $S$ restaura $S$ Vitality e $S$ Stamina.
2118472125|85e8fbd2||A adrenalina máxima é aumentada para $S$. As pilhas de sangramento reduzem a força inimiga e a resistência ao gelo em $S$%.
2118472126|6c1d3ba3||Para cada conjunto equipado: +$S$% de dano à distância (incluindo bombas) e +$S$% de poder de ataque por efeito de status no alvo.
2118472127|6c1d3ba4||Efeitos que escalam com a porcentagem de Toxicidade escalam com Toxicidade plana. +$S$% de poder de ataque e +$S$ de Vitalidade são gerados por ponto de Toxicidade ativa.
2118472128|90f6cc99||Para cada conjunto de peças equipadas: a chance de acerto crítico é aumentada em $S$% para cada pilha de veneno no alvo, e Axii aplica até $S$ pilha de veneno em um lançamento bem-sucedido.
2118472129|90f6cc9a||Você pode aplicar um óleo adicional e qualquer perda de potência de óleos adicionais é reduzida em $S$%. Cada óleo aplicado aumenta a potência do óleo bônus em acertos críticos em $S$%.
2118472130|4080bc95||Inimigos que danificam você em combate corpo a corpo têm chance de sangrar.
2118472131|4080bc96||Inimigos mortos em combate corpo a corpo restauram sua Vitalidade em $S$ por acúmulo de sangramento.
2118472132|4080bc97||Inimigos que danificam você em combate corpo a corpo têm chance de ficar atordoados ou se tornarem seus fantoches.
2118472133|4080bc98||Axii remove todo sangramento do alvo para restaurar sua Vitalidade em $S$ por pilha de sangramento.
2118472134|7147041d||Ataques fortes aumentam o dano do seu próximo ataque rápido em $S$ e vice-versa
2118472135|c99bd20f||Atacar um oponente abaixo de $S$ de saúde confere $S$ de dano extra etéreo, enquanto atacar oponentes enquanto você está abaixo de $S$ Vitalidade confere $S$ de dano extra etéreo e +$S$ de ganho de Adrenalina.<br>Esses efeitos podem acumular.
2118472136|4c4bdd7a||À medida que a Vitalidade cai abaixo de $S$, você causa até $S$ a mais de dano em combate corpo a corpo.
2118472137|fca08245||Flores de Gláeddyv
2118472138|942307fe||Besta Manticora
2118472139|0e7bf6b8||Uma arma de projétil robusta e conveniente.
2118472140|9e52384c||Diagrama: Besta Manticora
2118472141|d23992f7||Dano
2118472142|89dfeac9||Chance de acerto crítico
2118472143|69d8dd89||Dano de acerto crítico
2118472144|3c4a6af2||Dano
2118472145|bc4297c4||Chance de acerto crítico
2118472146|5806ca6e||Dano de acerto crítico
2118472147|c7b0b7d7||Dano
2118472148|73d42fa9||Chance de acerto crítico
2118472149|3375c4a9||Dano de acerto crítico
2118472150|b08bd7d2||Dano
2118472151|fa3924a4||Chance de acerto crítico
2118472152|2e06698e||Dano de acerto crítico
2118472153|9ee36bde||Resistências Secundárias
2118472154|d77df5a3||Modificador de custos de resistência
2118472155|bb4c164a||Modificador de regeneração de vigor
2118472156|611eba4c||Eficiências
2118472157|a853b90c||Ataque
2118472158|a853c270||Defesa
2118472159|a853e57f||Movimento
2118472160|a873c1a4||Taxas de geração
2118472161|660463ab||Multiplicador atual
2118472162|5a563e63||Adrenalina ganha ao defender
2118472163|a873acf5||Adrenalina ganha no ataque
2118472164|6606538a||Adrenalina ganha ao matar
2118472165|a873c5e7||Adrenalina ganhou ao ser atingido
2118472166|ad65ad94||Bônus de dano
2118472167|34b0307a||Deslocamento de velocidade
2118472168|61215338||Intensidade do Sinal - Inundação de Raiva
2118472169|9b0279d0||Cotações
2118472170|6634a559||Ganho de toxicidade
2118472171|603d5b5e||Dreno de toxicidade
2118472172|60379d1e||Mudança por segundo
2118472173|610fe1ad||Bônus de velocidade base - Frenesi
2118472174|c97d7b95||Bônus de geração de adrenalina - Frenesi
2118472175|c97d7d42||Redução de dano recebido - Suportar Dor
2118472176|60e53782||Redução de custos de Poise - Suportar a Dor
2118472177|31530a11||Redução da regeneração do vigor - Febre de Toxicidade
2118472178|6cca3390||Redução da regeneração de vigor - Febre de Toxicidade
2118472179|2c95c79e||Redução de velocidade base - Febre de Toxicidade
2118472180|fa5fe1ca||Intensidade de Igni
2118472181|69a5ef8d||Redução da regeneração de vigor - Vitalidade
2118472182|cb182f78||Redução da regeneração de vigor - Toxicidade
2118472183|b05bd39a||Bônus de regeneração de vigor - Adrenalina
2118472184|634d93e6||Modificador de custo
2118472185|a5980d0f||Redux
2118472186|fea6c717||Mostrar nomes de itens internos
2118472187|dc78246f||Dropar itens de missão
2118472188|f582d556||Excluir itens descartados
2118472189|850ab239||Finalizadores - Desativar finalizadores de equilíbrio
2118472190|a9f59285||Multiplicador de Regeneração de Vigor
2118472191|a926ec8e||Multiplicador de custos de resistência
2118472192|01be5517||Agressão - Vigor
2118472193|842f2c7b||Agressão - Comportamento
2118472194|34537901||Eficiência de equilíbrio
2118472195|51517d52||aumentar o dreno de toxicidade em $I$%
2118472196|51517d53||aumentar a regeneração de vitalidade em $I$
2118472197|51517d54||aumentar o dano causado em $I$%
2118472198|28bf4ac7||Carpeado
2118472199|28cfaa13||Armazenar
2118472200|db33e095||No Carpeado
2118472201|11bda277||Alternar Carpeado
2118472202|28cfaa13||Armazenar
2118472203|e4718bad||Armazenar
2118472204|7aae494d||Sentidos de bruxo - Alternar
2118472205|81426c9e||Durabilidade
2118472206|2ae9db22||Roubo de vida
2118472207|c5548b41||Letargia
2118472208|b1173fc7||Quando Axii termina, os alvos perdem $I$% de sua resistência e equilíbrio máximos e ficam lentos por $I$ segundos.<br>Esses efeitos são reduzidos com base na saúde máxima do alvo.
2118472218|952c6052||Desativar efeitos especiais de espada
2118472219|392e560f||Bônus de Esquiva de Gato
2118472220|e7cb8710||Bônus de Ataque de Gato
2118472221|8c7e03a5||Mostre quantos itens você tem no Carpeado
2118472222|d67df7c9||Regeneração de resistência e bônus de eficiência
2118472223|c7cde2ed||Redução de velocidade
2118472224|fb0b1ca2||Penalidade por danos - Porcentagem máxima de redução sem vigor
2118472225|b65455e4||Desativar modificadores de distância quando sobrecarregados
2118472226|c215a129||Depuração de Armazenamento
2118472227|d78475c2||Toxicidade - Multiplicador
2118472228|fca9f3f4||Acertos críticos restauram totalmente o Equilíbrio e curam um ferimento.
2118472229|7e7c0f49||Definir Bônus - Primeiro Requisito
2118472230|7e7c0f4a||Definir bônus - segundo requisito
2118472231|0335ddd4||Redux - Dinâmico
2118472232|04070793||Redux - Estratégia
2118472233|b17c1616||O dano crítico aumenta em até $S$% quanto mais armadura o alvo tiver. Depois de $S$ segundos sem atacar, seu próximo ataque tem $S$% de aumento de chance crítica e perfuração de armadura.
2118472234|5aeb007f||Seus contadores custam $S$% menos equilíbrio. Acertar um inimigo com menos equilíbrio do que você restaura até $S$ de resistência.
2118472235|4bb57a89||Os inimigos que o atingem em combate corpo a corpo podem ser resfriados. Ao atacar com uma arma secundária de duas mãos, você causa $S$% a mais de dano e é imune a cambalear.
2118472236|50f4a279||Os bônus secundários de Glyphos e Runas são aumentados em dois níveis.
2118472237|733c86a3||Atirar facas atordoa os oponentes durante seus ataques. À noite, a velocidade total é aumentada em $S$% e as janelas de esquiva são aumentadas.
2118472238|690ddece||Calças de Kaer Morhen melhoradas
2118472239|21c8d889||Botas de Kaer Morhen melhoradas
2118472240|277a3552||Manoplas de Kaer Morhen aprimoradas
2118472241|b962f101||Espada de aço de Kaer Morhen melhorada
2118472242|c9e11bdd||Espada de prata de Kaer Morhen melhorada
2118472243|846e5350||Calças de Kaer Morhen melhoradas
2118472244|dda11bf5||Botas de Kaer Morhen melhoradas
2118472245|86c4fc3c||Manoplas de Kaer Morhen aprimoradas
2118472246|1a08a47d||Espada de aço de Kaer Morhen melhorada
2118472247|8c1ae811||Espada de prata de Kaer Morhen melhorada
2118472248|59bcba77||Aumenta o dano do fluxo de fogo em $I$, o dano de Igni em $I$ e o dano de queimadura em $I$.
2118472249|7aadffbb||Desativar comentários de artefatos
2118472250|d7da4873||Contador de Mortes
2118472251|8905ccf1||Modo Gaunter
2118472252|c4821010||Habilitado
2118472253|e99195be||Requisito de Ponto de Habilidade
2118472254|e9918422||Modificador de habilidade gasto
2118472255|629d3698||Limite de Morte
2118472256|c992d233||Perda Máxima de Vitalidade por Morte
2118472257|b35b573e||Perda Máxima de Vigor por Morte
2118472258|3e75e328||Perda Máxima de Toxicidade por Morte
2118472259|efa7a542||Perda de intensidade de sinal por morte
2118472260|a65aaea0||Modificador de XP por Morte
2118472261|955bb0da||Maximum Equipment Durability Loss
2118472262|64404c5e||Marca de DEUS
2118472263|33e40636||Marca de Deus - Apenas Letal
2118472264|24605ff1||Decremento de Morte das Missões
2118472265|88c2a51f||Incremento de Morte de Mortes Recentes
2118472266|04b97da3||Eficiência ofensiva
2118472267|08ea54c5||Eficiência de defesa
2118472268|e804f558||Eficiência de movimento
2118472269|5866c933||Velocidade de movimento
2118472270|b4725d95||Velocidade de movimento
2118472271|18812868||Velocidade de movimento
2118472272|39faab0f||Glifo Menor de Libertação
2118472273|9249f156||Glifo de Libertação
2118472274|123d4e11||Maior Glifo de Libertação
2118472275|87f67099||Tem certeza de que deseja remover atualizações?
2118472276|1016d7f5||Chance de queimar
2118472277|162c60aa||Dano etéreo
2118472278|163a8e75||Aumenta o dano de equilíbrio de Aard em $I$%.<br>Aumenta a chance de atordoar para $I$%.
2118472279|b1173fc2||Aard causa um dano de gelo adicional de $I$.<br>Aard tem uma chance básica de $I$% de congelar por $I$ segundos.<br>A chance aumenta contra alvos com baixa resistência ou equilíbrio.<br>Inimigos resfriados são desacelerados , têm regeneração de vigor reduzida e recebem dano físico aumentado.
2118472281|b1173fc3||Quen explode ao receber $I$% de sua saúde em dano, atordoando inimigos próximos e causando $I$ de dano de choque.<br>O dano refletido de Quen é aumentado para $I$%.
2118472282|b1173fc4||Reduz a manutenção de Vigor de Quen em $I$%.<br>Quen regenera $I$ de sua saúde por segundo.<br>Escudo Ativo regenera $I$% de seu equilíbrio por segundo.
2118472283|b1173fc5||Aumenta a resistência ao escalonamento do Quen para $I$%.<br>Aumenta a redução do custo de equilíbrio do Quen para $I$%.<br>Aumenta a redução de dano do contador do Quen para $I$%.
2118472284|c5548b3e||Escudo Renovador
2118472285|7df48461||Escudo protetor que absorve dano, bloqueia veneno e sangramento, reduz os custos de equilíbrio e aumenta a resistência ao escalonamento.<br>Retarda a regeneração de Vigor em $I$% enquanto ativo.<br>Ativar um escudo Quen logo antes de um ataque inimigo aterrissar irá contrariar o golpe.<br><br>Vida do escudo: $I$<br>Duração do escudo: $I$ segundos
2118472286|e6604b13||Desintegração I
2118472287|e65bcf19||Aard aplica stacks de sangramento de até $I$.<br><br>+$I$ Danos de Aard
2118472288|e81523b2||Desintegração II
2118472289|e810a7b8||Aard enfraquece permanentemente a blindagem inimiga e força a resistência em $I$%.<br><br>+$I$ de dano de Aard
2118472290|e9c9fc51||Desintegração III
2118472291|e9c58057||A chance de relaxar no Aard aumenta em $I$%. Se um alvo for congelado e derrubado por Aard, ele é morto instantaneamente. Caso contrário, o congelamento causa um dano adicional de $I$.<br><br>+$I$ de dano Aard.
2118472292|eb7ed4f0||Aceleração I
2118472293|eb7a58f6||O tempo diminui em $I$% por $I$ segundos ao se esquivar ou lançar Aard.<br><br>+$I$% Movespeed
2118472294|ed33ad8f||Aceleração II
2118472295|ed2f3195||Lançar Aard enquanto corre aumenta a intensidade em $I$% para cada segundo de corrida. Bônus de velocidade de movimento aumentam a intensidade de Aard.<br><br>+$I$% Velocidade de movimento
2118472296|eee8862e||Aceleração III
2118472297|eee40a34||Quando o tempo diminui ao se esquivar ou lançar Aard, sua velocidade é compensada.<br><br>+$I$% Velocidade de movimento
2118472298|f09d5ecd||Imolação I
2118472299|f098e2d3||Você é imune a queimaduras. Acima de $I$ de adrenalina, sua armadura acende, queimando inimigos que o atacam no corpo a corpo.<br><br>+$I$% de ganho de adrenalina
2118472300|f252376c||Imolação II
2118472301|f24dbb72||Você libera uma onda de chamas quando está em equilíbrio, recebendo $I$% de vitalidade em dano ou aparando perfeitamente com o equilíbrio total.<br><br>+$I$% de ganho de adrenalina
2118472302|f407100b||Imolação III
2118472303|f4029411||Você causa continuamente até $I$ de dano de fogo por ponto de adrenalina a inimigos próximos.<br><br>+$I$% de ganho de adrenalina
2118472304|1991adb5||Purgação I
2118472305|198d31bb||Ignis e queimaduras reduzem o moral do inimigo, fazendo com que eles se comportem menos agressivamente em combate. Queimaduras não aumentam mais a resistência a queimaduras do inimigo.<br><br>+$I$ Danos de Igni
2118472306|1b468654||Purgação II
2118472307|1b420a5a||Inimigos mortos por Igni ou enquanto queimam explodem, causando $I$ de dano de fogo aos inimigos próximos.<br><br>+$I$ de dano de Igni
2118472308|1cfb5ef3||Purgação III
2118472309|1cf6e2f9||Queimar um inimigo restaura o vigor de $F$. Matar um inimigo com Igni ou enquanto queimando restaura o vigor de $F$.<br><br>+$I$ de dano de Igni
2118472310|1eb03792||Absorção I
2118472311|1eabbb98||Inimigos mortos em um anel de Yrden restauram sua vitalidade e vigor com base em sua saúde máxima.<br><br>+$I$% Roubo de Vida
2118472312|20651031||Absorção II
2118472313|20609437||Inimigos gastando vigor em um anel de Yrden restauram seu vigor.<br><br>+$I$% Roubo de Vida
2118472314|2219e8d0||Absorção III
2118472315|22156cd6||Inimigos danificados em um anel de Yrden ou por um Glifo de Proteção restauram sua vitalidade e vigor com base no dano causado.<br><br>+$I$% Roubo de Vida
2118472316|23cec16f||Enervação I
2118472317|23ca4575||Os inimigos perdem $I$% de sua resistência máxima por segundo enquanto estiverem em um anel de Yrden, ou $I$% quando atingidos por um Glifo de Proteção.<br><br>Glifo de Proteção aplica $I$ de acúmulos de veneno
2118472318|25839a0e||Enervação II
2118472319|257f1e14||Inimigos perdem $F$% de sua vitalidade máxima por segundo enquanto estiverem em um anel de Yrden, ou $I$% quando atingidos por um Glifo de Proteção.<br><br>Glifo de Proteção aplica $I$ de acúmulos de veneno
2118472320|273872ad||Enervação III
2118472321|2733f6b3||Inimigos perdem $F$% de velocidade por segundo enquanto estiverem em um anel Yrden. Reinicia ao sair ou reformular Yrden. Duplica o debuff de dano do Glifo de Vigilância.<br><br>Glifo de Vigilância aplica acúmulos de $I$ de veneno
2118472322|28ed4b4c||Retribuição I
2118472323|28e8cf52||O dano do Escudo Explosivo é aumentado em $I$.<br><br>Quen reflete +$I$% de dano
2118472324|4e77e8f6||Retribuição II
2118472325|4e736cfc||Inimigos que atingem um escudo Quen ficam chocados.<br><br>Quen reflete +$I$% de dano
2118472326|502cc195||Retribuição III
2118472327|5028459b||Os contadores de Quen descarregam uma onda adicional de energia na direção do atacante, chocando e causando $I$ de dano.<br><br>Quen reflete +$I$% de dano
2118472328|51e19a34||Bastião I
2118472329|51dd1e3a||O dano ao Quen é reduzido em $I$%.<br><br>+$I$% Intensidade do Quen
2118472330|539672d3||Bastião II
2118472331|5391f6d9||Ao canalizar um Escudo Ativo, a vitalidade e a regeneração de resistência aumentam em $I$%.<br><br>+$I$% Intensidade do Quen
2118472332|554b4b72||Bastião III
2118472333|5546cf78||A manutenção do vigor do Quen é reduzida em $I$%.<br><br>+$I$% Intensidade do Quen
2118472334|57002411||Conjunção I
2118472335|56fba817||Os efeitos de status têm chance de se espalhar pelo Axii Ligação.<br><br>+$I$% Intensidade do Axii
2118472336|58b4fcb0||Conjunção II
2118472337|58b080b6||Uma parte do dano que você causa a um alvo é multiplicada e espalhada pelo Axii Link.<br><br>+$I$ Intensidade Axii
2118472338|5a69d54f||Conjunção III
2118472339|5a655955||Uma parte do dano que você recebe é redirecionada para o Axii Ligação ou para suas marionetes.<br><br>+$I$% Intensidade Axii
2118472340|5c1eadee||Possessão I
2118472341|5c1a31f4||Quando a Marionete termina, o alvo recebe $I$ de dano etéreo.<br><br>Seus Marionetes causam +$I$% de dano
2118472342|5dd3868d||Possessão II
2118472343|5dcf0a93||A resistência mental do inimigo é reduzida em $I$% ao lançar Axii.<br><br>Suas marionetes causam +$I$% de dano
2118472344|835e2437||Possessão III
2118472345|8359a83d||A marionete tem duração infinita e você não pode ferir suas marionetes. Lance Axii neles para remover o efeito.<br><br>Suas marionetes causam +$I$% de dano
2118472346|8512fcd6||Proteção I
2118472347|850e80dc||Os bônus de reparo de armadura aumentam sua armadura em $I$.<br><br>+$I$ Equilíbrio
2118472348|86c7d575||Proteção II
2118472349|86c3597b||A armadura equipada não sofre perda de durabilidade padrão.<br><br>+$I$ Equilíbrio
2118472350|887cae14||Proteção III
2118472351|8878321a||O dano fatal é bloqueado ao custo da durabilidade da armadura.<br><br>+$I$ Equilíbrio
2118472352|8a3186b3||Deflexão I
2118472353|8a2d0ab9||Sua armadura desvia flechas e virotes, evitando todos os danos.<br><br>+$I$ Armadura
2118472354|8be65f52||Deflexão II
2118472355|8be1e358||Sua armadura desvia qualquer ataque recebido, evitando todos os danos. Essa habilidade entra em recarga com base no dano evitado.<br><br>+$I$ Armadura
2118472356|8d9b37f1||Deflexão III
2118472357|8d96bbf7||Sua armadura desvia todos os projéteis que chegam, evitando todos os danos.<br><br>+$I$ Armadura
2118472358|8f501090||Regeneração I
2118472359|8f4b9496||Resistência ou vigor adquirido no máximo restaura a vitalidade.<br><br>+$I$ Regeneração de vitalidade
2118472360|9104e92f||Regeneração II
2118472361|91006d35||A regeneração de vitalidade aumenta em até $I$% quanto menor for sua vitalidade atual. A vitalidade restaurada da resistência e do vigor é dobrada ao ficar parado.<br><br>+$I$ Regeneração da vitalidade
2118472362|92b9c1ce||Regeneração III
2118472363|92b545d4||Você regenera metade do dano que recebe de um ataque em $I$ segundos. Reinicia ao ser atingido.<br><br>+$I$ Regeneração de vitalidade
2118472364|b8445f78||Perfeição I
2118472365|b83fe37e||A geração de adrenalina não é mais reduzida em alta vitalidade.<br><br>+$I$ Vitalidade
2118472366|b9f93817||Perfeição II
2118472367|b9f4bc1d||Com vitalidade total, $I$% de sua regeneração de vitalidade é adicionado à regeneração de resistência e vigor.<br><br>+$I$ Vitalidade
2118472368|bbae10b6||Perfeição III
2118472369|bba994bc||Matar um inimigo enquanto você está com a saúde cheia concede cargas que aumentam o dano em $I$% e a armadura em $I$. Você perde carga de $I$ quando atingido e pode ter cargas de $I$ no máximo.<br><br>+$I$ Vitalidade
2118472370|bd62e955||Constituição I
2118472371|bd5e6d5b||O peso máximo de transporte é aumentado em $I$. Carregar mais peso aumenta a blindagem em até $I$ e a resistência de escalonamento em até $I$%.<br><br>+$I$% Resistências secundárias
2118472372|bf17c1f4||Constituição II
2118472373|bf1345fa||Estar bem descansado aumenta a regeneração do vigor em $I$%. Estar bem alimentado aumenta a regeneração de resistência em $I$. Estar bem hidratado aumenta o dreno de toxicidade em $I$%.<br><br>+$I$% Resistências secundárias
2118472374|c0cc9a93||Constituição III
2118472375|c0c81e99||Gaste $I$ de vigor para sobreviver a danos fatais com $I$ de vitalidade. As penalidades por baixa vitalidade são reduzidas em $I$%.<br><br>+$I$% Resistências secundárias
2118472376|c2817332||Assimilação I
2118472377|c27cf738||A menos que você medite, a toxicidade não será drenada sem ganho de toxicidade. As penalidades por alta toxicidade são reduzidas em $I$%.<br><br>+$I$% Duração da poção
2118472378|c4364bd1||Assimilação II
2118472379|c431cfd7||Decocções com mutagênicos poderosos aumentam a regeneração de vitalidade em $I$. Decocções com mutagênicos de resistência aumentam a regeneração de resistência em $I$. Decocções com mutagênicos concentrados aumentam a regeneração do vigor em $I$%.<br><br>+$I$% Duração da poção
2118472380|c5eb2470||Assimilação III
2118472381|c5e6a876||Cada fonte de ganho de toxicidade aumenta os efeitos mutagênicos e o dreno de toxicidade em $I$%.<br><br>+$I$% Duração da poção
2118472382|c79ffd0f||Elação I
2118472383|c79b8115||O peso máximo de transporte é aumentado em $I$. Carregar menos peso aumenta a velocidade total em até $I$%.<br><br>-$I$% Penalidades de armadura
2118472384|ed2a9ab9||Elação II
2118472385|ed261ebf||As penalidades de velocidade por baixa resistência são reduzidas em até $I$% com base na adrenalina atual.<br><br>-$I$% Penalidades de armadura
2118472386|eedf7358||Elação III
2118472387|eedaf75e||O tempo lento da adrenalina não é mais reduzido em alta vitalidade.<br><br>-$I$% Penalidades de armadura
2118472388|f0944bf7||Conservação I
2118472389|f08fcffd||Gaste $I$ de vigor para evitar o esforço excessivo e restaure $I$ de resistência.<br><br>+$I$% Eficiência de resistência
2118472390|f2492496||Conservação II
2118472391|f244a89c||A regeneração de resistência e equilíbrio aumenta em $I$% quando parado.<br><br>+$I$% Eficiência de resistência
2118472392|f3fdfd35||Conservação III
2118472393|f3f9813b||Os custos de Stamina são reduzidos em até $I$% quanto maior for a sua porcentagem de equilíbrio. Os custos de equilíbrio são reduzidos em até $I$% quanto menor for a porcentagem de resistência.<br><br>+$I$% Eficiência de resistência
2118472394|c4426045||Glaciação I
2118472395|c43de44b||Aparas perfeitas aplicam o efeito frio.<br><br>+$I$% Eficiência de defesa
2118472396|c5f738e4||Glaciação II
2118472397|c5f2bcea||Inimigos resfriados recebem dano de equilíbrio quando aparados e não podem causar dano a você por meio de contra-ataques ou defesas.<br><br>+$I$% Eficiência de defesa
2118472398|c7ac1183||Glaciação III
2118472399|c7a79589||Inimigos gelados têm sua regeneração de equilíbrio reduzida em $I$%. Quedas de equilíbrio corpo a corpo congelam o alvo.<br><br>+$I$% Eficiência de defesa
2118472400|c960ea22||Exaustão I
2118472401|c95c6e28||Cada $I$ pontos de dano de gelo causado a um alvo reduz sua resistência em $I$.<br><br>+$I$% Chance de relaxar
2118472402|cb15c2c1||Exaustão II
2118472403|cb1146c7||Inimigos resfriados ficam mais lentos em até $I$% quanto menor for sua resistência atual.<br><br>+$I$% Chance de relaxar
2118472404|ccca9b60||Exaustão III
2118472405|ccc61f66||Esta espada causa $I$ de dano de gelo adicional para cada ponto de resistência que o alvo está perdendo.<br><br>+$I$% Chance de relaxar
2118472406|ce7f73ff||Obliteração I
2118472407|ce7af805||Esta espada aquece quando atinge, ganhando cargas que aumentam o dano de fogo em $I$. Esfria com o tempo.<br><br>+$I$ Dano de fogo
2118472408|d0344c9e||Obliteração II
2118472409|d02fd0a4||Cargas também aumentam a chance crítica em $I$% e a eficiência ofensiva em $I$%.<br><br>+$I$ Dano de fogo
2118472410|d1e9253d||Obliteração III
2118472411|d1e4a943||Matar um inimigo tem uma chance de $I$% por carga de desencadear uma explosão que causa $I$ de dano de fogo a inimigos próximos. Acertos críticos têm $I$% de chance por carga de fazer o mesmo.<br><br>+$I$ de dano de fogo
2118472412|f773c2e7||Cremação I
2118472413|f76f46ed||Acertar um inimigo em chamas com esta espada aumenta a duração da queima em $F$ segundos. Interromper uma animação de gravação atualiza a duração da gravação.<br><br>+$I$% Chance de gravar
2118472414|f9289b86||Cremação II
2118472415|f9241f8c||Inimigos em uma animação de queima perdem até $I$% de seu equilíbrio máximo a cada segundo. O dano de queimadura aumenta em $I$ a cada segundo.<br><br>+$I$% Chance de queimar
2118472416|fadd7425||Cremação III
2118472417|fad8f82b||Inimigos recebem permanentemente $I$% a mais de dano a cada segundo em que são queimados.<br><br>+$I$% Chance de queimar
2118472418|fc924cc4||Transmutação I
2118472419|fc8dd0ca||As bombas transmitem os efeitos dos óleos nesta espada. Além disso, todos os óleos dão $I$% de chance de envenenar.<br><br>+$I$ de dano de veneno
2118472420|fe472563||Transmutação II
2118472421|fe42a969||Dano de veneno é convertido em dano físico se a resistência a veneno do alvo for maior que sua armadura.<br><br>+$I$ Dano de veneno
2118472422|fffbfe02||Transmutação III
2118472423|fff78208||Efeitos de óleo são aumentados em $I$% para cada acúmulo de veneno no alvo.<br><br>+$I$ de dano de veneno
2118472424|01b0d6a1||Aflição I
2118472425|01ac5aa7||Esta espada tem $I$% de chance de veneno adicional para cada $I$ pontos de toxicidade ativa.<br><br>+$I$% de chance de envenenar
2118472426|0365af40||Aflição II
2118472427|03613346||Remove o limite máximo do número de acúmulos de veneno em um alvo.<br><br>+$I$% Chance de envenenar
2118472428|051a87df||Aflição III
2118472429|05160be5||Cada acúmulo de veneno em um alvo reduz sua resistência a veneno, sangramento e ferimentos em $I$%. Dano de veneno ao longo do tempo causa $I$% a mais de dano.<br><br>+$I$% Chance de envenenar
2118472430|06cf607e||Exsanguinação I
2118472431|06cae484||Ao aplicar sangramento, há uma chance igual à porcentagem de saúde do alvo de aplicar $I$ acúmulos adicionais.<br><br>+$I$% Chance de causar sangramento
2118472432|2c59fe28||Exsanguinação II
2118472433|2c55822e||Remove o limite máximo do número de acúmulos de sangramento em um alvo.<br><br>+$I$% Chance de causar sangramento
2118472434|2e0ed6c7||Exsanguinação III
2118472435|2e0a5acd||O primeiro golpe de um ataque especial pesado aplica acúmulos de sangramento de $I$, então o segundo golpe remove todos os acúmulos de sangramento no alvo. Causa $I$ de dano e aumenta a resistência a sangramento do alvo em $I$% para cada pilha removida.<br><br>+$I$% Chance de causar sangramento
2118472436|2fc3af66||Desespero I
2118472437|2fbf336c||Sua adrenalina não pode cair abaixo de $I$% de sua porcentagem de vitalidade perdida.<br><br>+$I$ Atraso na degeneração da adrenalina
2118472438|31788805||Desespero II
2118472439|31740c0b||Para evitar o esforço excessivo, você gasta adrenalina em vez de resistência.<br><br>+$I$ Atraso na degeneração da adrenalina
2118472440|332d60a4||Desespero III
2118472441|3328e4aa||Você ganha $F$% de roubo de vida para cada ponto de adrenalina e $F$% de roubo de vida para cada porcentagem de vitalidade perdida.<br><br>+$I$ Atraso na degeneração da adrenalina
2118472442|34e23943||Reflexão I
2118472443|34ddbd49||O alcance de seus contra-ataques de barra é aumentado. Permite contadores de chute e contusão contra criaturas grandes.<br><br>+$I$% Contra dano
2118472444|369711e2||Reflexão II
2118472445|369295e8||Contra-ataques causam $I$% a mais de dano de equilíbrio e retornam $I$% do dano de equilíbrio causado.<br><br>+$I$% de dano de contra-ataque
2118472446|384bea81||Reflexão III
2118472447|38476e87||Contra-atacar com um tempo mais preciso aumenta seu dano de contra-ataque em $I$% do dano do ataque contra-atacado.<br><br>+$I$% de dano de contra-ataque
2118472448|3a00c320||Eletrocussão I
2118472449|39fc4726||Duplica a chance de aplicar eletrochoque a $I$%. Eletrochoque também paralisa o alvo.<br><br>+$I$ Dano de choque
2118472450|3bb59bbf||Eletrocussão II
2118472451|3bb11fc5||Esta espada causa até $I$ de dano de choque adicional com base na armadura do alvo.<br><br>+$I$ de dano de choque
2118472452|61403969||Eletrocussão III
2118472453|613bbd6f||Atingir um inimigo chocado com esta espada o carrega, concedendo $I$% de intensidade de Quen e $I$% de dano através de bloqueios. Lançar Quen o descarrega, causando $I$ de dano de choque por carga e chocando inimigos próximos.<br><br>+$I$ de dano de choque
2118472454|62f51208||Exultação I
2118472455|62f0960e||Matar um inimigo com Whirl ou Rend restaura $I$ de resistência.<br><br>+$I$% Eficiência de ataque
2118472456|64a9eaa7||Exultação II
2118472457|64a56ead||Atacar aumenta a velocidade de ataque e a eficiência ofensiva em $I$% até a próxima ação sem ataque.<br><br>+$I$% eficiência ofensiva
2118472458|665ec346||Exultação III
2118472459|665a474c||Ao atingir $I$ de adrenalina, entre em um estado em que o tempo diminui e as ações não têm custo de resistência. A adrenalina é drenada rapidamente e o efeito termina quando a adrenalina acaba.<br><br>+$I$% Eficiência ofensiva
2118472460|68139be5||Assassinato I
2118472461|680f1feb||Ataques contra inimigos com saúde total causam $I$% a mais de dano.<br><br>+$I$% Poder de ataque de flanco
2118472462|69c87484||Assassinato II
2118472463|69c3f88a||Ataques de flanco são acertos críticos garantidos.<br><br>+$I$% Poder de ataque de flanco
2118472464|6b7d4d23||Assassinato III
2118472465|6b78d129||O primeiro ataque após esta espada ser desembainhada ou após uma morte tem +$I$% de dano crítico.<br><br>+$I$% Poder de ataque de flanqueamento
2118472466|6d3225c2||Prolongamento I
2118472467|6d2da9c8||Óleos e efeitos nesta espada têm +$I$% de duração.<br><br>+$I$% Regeneração de Vigor
2118472468|6ee6fe61||Prolongamento II
2118472469|6ee28267||Sinais e efeitos de sinais têm +$I$% de duração.<br><br>+$I$% Regeneração de vigor
2118472470|709bd700||Prolongamento III
2118472471|70975b06||Esta espada tem alcance de ataque aumentado, e $I$% do dano que ela causa é repetido como dano etéreo adicional.<br><br>+$I$% Regeneração de Vigor
2118472472|962674aa||Invocação I
2118472473|9621f8b0||Esta espada ganha dano elementar e efeitos de status do seu signo selecionado atualmente, escalando com a intensidade do sinal.<br><br>+$I$% Intensidade do sinal
2118472474|97db4d49||Invocação II
2118472475|97d6d14f||Ataques fortes acionarão o Glifo de Proteção para disparar contra o alvo.<br><br>+$I$% Intensidade do sinal
2118472476|999025e8||Invocação III
2118472477|998ba9ee||Ataques especiais têm a chance de desencadear efeitos com base no seu signo selecionado no momento. Rend escala com tempo de carga, até $I$%. O redemoinho tem uma chance de $I$% por ataque.<br><br>+$I$% Intensidade do sinal
2118472478|9b44fe87||Resolução I
2118472479|9b40828d||O poder de ataque é aumentado em $F$% para cada $I$ de pontos de vida máximos dos inimigos atuais. O dano de equilíbrio é aumentado em $F$% por ponto de adrenalina.<br><br>+$I$% Resistência ao escalonamento ao atacar
2118472480|9cf9d726||Resolução II
2118472481|9cf55b2c||Ao lutar contra chefes, você tem +$I$% de resistência ao escalonamento, a adrenalina drena $I$% mais devagar e suas quebras de equilíbrio corpo a corpo causam dano adicional com base na vida máxima do alvo.<br><br>+$I$% de resistência ao escalonamento enquanto atacante
2118472482|9eaeafc5||Resolução III
2118472483|9eaa33cb||Um ataque Rend totalmente carregado consome todo o vigor disponível para causar até $I$% de dano adicional com $I$% de roubo de vida.<br><br>+$I$% Resistência a cambalear ao atacar
2118472484|a0638864||Destruição I
2118472485|a05f0c6a||Você causa um dano adicional de $I$% a inimigos escalonados.<br><br>+$I$% Chance de cambalear
2118472486|a2186103||Destruição II
2118472487|a213e509||Enquanto estiver acima de $I$% de equilíbrio, seus ataques causam $I$% a mais de dano de equilíbrio, mas você sofre $I$% de seu equilíbrio máximo em recuo.<br><br>+$I$% Chance de cambalear
2118472488|a3cd39a2||Destruição III
2118472489|a3c8bda8||Enquanto estiver acima de $I$% de vitalidade, seus ataques causam $I$% a mais de dano, mas você sofre $I$% de sua vitalidade máxima em recuo.<br><br>+$I$% Chance de cambalear
2118472490|a5821241||Penetração I
2118472491|a57d9647||Você pode aplicar efeitos de status em meio de bloqueios inimigos. Se o alvo não estiver bloqueando, $I$% de penetração de bloqueio é adicionado à perfuração da armadura.<br><br>+$I$% de dano através de bloqueios inimigos
2118472492|cb0cafeb||Penetração II
2118472493|cb0833f1||Perfuração de armadura acima do valor de armadura do alvo é adicionado ao dano crítico.<br><br>+$I$% Dano através de bloqueios inimigos
2118472494|ccc1888a||Penetração III
2118472495|ccbd0c90||Ataques rápidos reduzem a blindagem inimiga em $I$% por $I$ segundos. Ataques fortes reduzem a blindagem inimiga em $I$% permanentemente.<br><br>+$I$% Dano através de bloqueios inimigos
2118472496|ce766129||Fortificação I
2118472497|ce71e52f||Buffs de reparo de armas melhoram a perfuração de armadura em $I$%.<br><br>-$I$% Dano recebido através de blocos
2118472498|d02b39c8||Fortificação II
2118472499|d026bdce||Esta espada não sofre perda de durabilidade padrão.<br><br>-$I$% Dano recebido através de blocos
2118472500|d1e01267||Fortificação III
2118472501|d1db966d||Inimigos mortos com esta espada aumentam permanentemente seu dano. Matar pontos de vida máximos de $I$ aumentará seu dano em $I$.<br><br>-$I$% Dano recebido por blocos
2118472502|d394eb06||Mutilação I
2118472503|d3906f0c||Lesões reduzem a perfuração de armadura do alvo em $I$% e aumentam a duração dos acúmulos de sangramento em $I$%.<br><br>+$I$% Chance de causar lesões
2118472504|d549c3a5||Mutilação II
2118472505|d54547ab||Finalizações e desmembramentos concedem $I$% a mais de resistência e adrenalina e causam $I$% a mais de dano moral.<br><br>+$I$% Chance de causar ferimentos
2118472506|d6fe9c44||Mutilação III
2118472507|d6fa204a||Lesões causam $I$% da vida máxima do alvo em dano e reduzem seu equilíbrio máximo em $I$%.<br><br>+$I$% Chance de causar lesões
2118472508|d8b374e3||Desolação I
2118472509|d8aef8e9||A chance crítica aumenta em até $I$% com base na diferença entre você e a porcentagem de saúde do seu alvo.<br><br>+$I$% Dano crítico
2118472510|da684d82||Desolação II
2118472511|da63d188||Causar dano a um inimigo com um ataque forte/rápido aumenta permanentemente a chance crítica/dano crítico contra ele em $I$% respectivamente.<br><br>+$I$% de dano crítico
2118472512|fff2eb2c||Desolação III
2118472513|ffee6f32||Se uma quebra de equilíbrio de ataque forte for um acerto crítico, o alvo é morto instantaneamente. Paradas de ataque rápido têm +$I$% de dano crítico.<br><br>+$I$% de dano crítico.
2118472524|66540f06||Perfeição
2118472525|da67396f||Obliteração
2118472526|4d91e787||Eletrocussão
2118472527|3095c59a||Aplicar sangramento aumenta sua velocidade total em 15% por 3 segundos. Ataques corpo a corpo causam 2% a mais de dano para cada acúmulo de sangramento no alvo.
2118472528|3095c59b||Matar um inimigo restaura 10% de sua vitalidade perdida. A degeneração da adrenalina é retardada em 2 segundos adicionais.
2118472529|3095c59c||Você não pode ter equilíbrio. Receber dano aumenta a resistência ao dano e ao escalonamento em 5% por 5 segundos, até 25%.
2118472530|3095c59d||À noite, sua velocidade total, poder de ataque, eficiência de resistência e intensidade do sinal aumentam em 10%. Durante a lua cheia, receber dano fatal removerá essa decocção e retornará você a 50% de vitalidade.
2118472531|3095c59e||Causar dano elementar reduz a resistência do inimigo a qualquer outro tipo de dano elementar. Os ataques de punho causam dano aumentado e têm a chance de aplicar efeitos de status.
2118472532|3095c59f||As resistências físicas são aumentadas em 20% e você não sofre dano de raspão enquanto se esquiva. Seus ataques corpo a corpo causam dano normal a espectros incorpóreos.
2118472533|3095c5a0||Você ganha 20% de regeneração de vigor ao amanhecer e até 20% de intensidade de sinal em alta vitalidade. Você ganha 2 de regeneração de vigor ao anoitecer e até 20% de perfuração de armadura com baixa vitalidade.
2118472534|3095c5a1||A velocidade e o poder de ataque são aumentados em 10% por 2 segundos após realizar uma esquiva. Ao calcular penalidades de baixa resistência ou vigor, você usa o maior dos dois.
2118472535|3095c5a2||Usar ataques rápidos, ataques fortes ou sinais geram pilhas que podem melhorar a força dos outros dois. Ao atingir 6 pilhas, o próximo uso tem 50% a mais de poder de ataque ou intensidade de sinal. Ataques rápidos geram 1 pilha, ataques fortes 2 pilhas e assina 3 pilhas.
2118472536|e222edd6||O veneno não o enfraquece. Aplicando veneno aos inimigos reduz sua toxicidade em 1. Oponentes que fazem você sangrar são envenenados.
2118472537|754d18af||Você vende itens por 25% mais moedas.<br>Pechinchar contratos é 25% mais fácil.
2118472538|363f99b1||Se o seu medidor de toxicidade encher completamente, você receberá dano de veneno de seu ganho de toxicidade e entrará em um estado febril com velocidade reduzida e regeneração de resistência. Beba um Mel Branco para se recuperar.
2118472539|6d1ad461||Armaduras mais pesadas absorverão mais danos e aumentarão seu equilíbrio máximo, mas você paga por essa proteção em velocidade mais lenta, menor regeneração de resistência e custos mais altos de resistência.
2118472540|b93269e9||Ataques por trás têm chance crítica 15% maior e dano 10% maior. Aparar ataques por trás custará equilíbrio adicional sem a habilidade de Sentidos Aguçados - então fique de olho na retaguarda.
2118472541|6d1ad3a6||Melhorar seu equipamento em um rebolo ou bancada de reparo reduzirá sua perda de durabilidade em 50%.
2118472542|6d1ad424||Use kits de reparo para manter seu equipamento em boas condições. Eles reparam uma parte da durabilidade perdida, então quanto mais você esperar para usá-los, maior será o seu efeito.
2118472543|363f99c9||Os artesãos podem remover runas e atualizações de seus itens e devolvê-los a você.
2118472544|6d1ad408||A desmontagem de um item recuperará quaisquer atualizações, mas elas podem ser removidas diretamente sem a necessidade de destruir o item.
2118472545|363f99aa||Inimigos com barras de saúde brancas recebem pouco dano de espadas de aço. Mude para sua lâmina de prata ou cubra seu aço com óleo Argentia.
2118472546|6d1ad3ca||Inimigos com barras de saúde vermelhas podem ser combatidos com qualquer espada. Witchers com bolsos fundos acharão a prata ideal contra monstros, enquanto o aço é melhor contra humanos e feras.
2118472547|363f99d0||Você pode viajar rapidamente para um porto enquanto estiver em um barco, puxando o mapa do mundo. Procure barcos ao longo da costa e perto dos portos.
2118472548|6d1ad370||Ninhos de monstros podem ser destruídos com uma bomba Dancing Star, Grapeshot ou Samum. Mas considere usar o sinal Igni.
2118472549|6d1ad422||Com o equipamento de bruxo, criá-lo é apenas o primeiro passo. Aprimorá-lo mudará sutilmente suas estatísticas, bem como sua aparência.
2118472550|6d1ad369||O clima afeta seus inimigos. Você achará mais fácil queimar inimigos durante o dia, mas mais difícil durante a chuva ou tempestades.
2118472551|6d1ad3c5||O clima afeta seus inimigos. Os necrófagos são oponentes mais perigosos ao entardecer ou durante a noite. Bruxas de túmulos ficam especialmente confortáveis a esta hora.
2118472552|6d1ad3a7||O clima afeta seus inimigos. Os lobisomens são mais perigosos à noite, especialmente durante a lua cheia. Até os lobos normais se movem mais rapidamente sob a lua cheia.
2118472553|b93269ed||O clima afeta seus inimigos. Você encontrará Archesporos mais resistentes ao sol.
2118472554|6d1ad445||O clima afeta seus inimigos. Afogadores e sereias adoram chuva e tempestades, mas Harpias acham difícil manobrar.
2118472555|6d1ad428||O clima afeta seus inimigos. Sempre que possível, lute contra espectros do meio-dia sob a lua e espectros noturnos sob o sol.
2118472556|6d1ad440||O clima afeta seus inimigos. Portadores de magia - como Feiticeiras ou Súcubos - ganham poder adicional sob a lua, especialmente quando estão cheios.
2118472557|6d1ad409||Ninhos de monstros destruídos são uma boa fonte de mutagênicos, partes únicas de monstros e até joias caras.
2118472558|6d1ad463||Se você deseja fazer decocções de monstros, os comerciantes especializados em livros podem ter o conhecimento incomum que você procura.
2118472559|6d1ad3a5||Quando você encontra uma lâmina de relíquia, ela pode estar em condições inutilizáveis. Você precisará dos serviços de um mestre armeiro para restaurá-lo.
2118472560|6d1ad423||Poções, bombas e óleos têm formas de alta qualidade que você pode fazer usando ingredientes de alta qualidade. As poções também podem ter efeitos secundários.
2118472561|6d1ad389||Cada item de alquimia requer um ingrediente básico. Álcool para poções, gordura animal para óleos e salitre para bombas são bons pontos de partida.
2118472562|6d1ad3ab||Cada Sinal tem um modo alternativo, acessível ao segurar o botão de transmissão.
2118472563|b93269ef||Você pode realizar a alquimia meditando em uma fogueira ou visitando um alquimista ou herbalista.
2118472564|6d1ad449||Se você sofreu uma lesão persistente, pode tratá-la imediatamente com um curativo. Eles também curarão por conta própria ao meditar com saúde plena.
2118472565|363f99af||Você pode usar Quen para se proteger da aura que drena a vida de um espectro do meio-dia ou espectro da noite. O óleo Argentia também o desativará temporariamente.
2118472566|6d1ad386||Ao tentar fabricar um item alquímico superior, todos os ingredientes devem ser de qualidade pura. Com a vantagem Alchemical Refinement, um ingrediente pode ser de qualidade inferior.
2118472567|6d1ad447||Os reflexos dos bruxos são tão afiados que uma espada é defesa suficiente para golpear flechas no ar enquanto voam. Com o tempo adequado, eles podem até ser refletidos de volta ao seu ponto de origem.
2118472568|b93269f0||A maioria dos oponentes tem resistência limitada e, sem ela, causam menos dano. Você pode esgotar a resistência com óleo Aard ou Paralysis, e atacá-los atrasará sua regeneração de resistência.
2118472569|6d1ad387||O Sinal Axii é útil fora do combate. Ele pode impedir que animais neutros fujam, acalmar cavalos e até mesmo ser usado durante o diálogo.
2118472570|6d1ad3a8||Enquanto estiver debaixo d'água, você não pode sacar suas espadas ou lançar a maioria dos Sinais. Confie em Aard ou sua besta para lidar com atacantes subaquáticos.
2118472571|363f99d1||Cuidado com o seu vigor. Cada ponto aumenta seu dano em 10%, e Sinais lançados com menos vigor são mais fracos. Ainda assim, o sinal certo na hora certa pode valer a pena.
2118472572|a4b1c1ec||Você pode armazenar armas e armaduras em vários esconderijos em todo o mundo. Os equipamentos armazenados em um local também estarão disponíveis em todos os outros locais.
2118472573|a05ae697||Procure um Runewright a leste de Novigrad para encantar seu equipamento, mas considere economizar primeiro - em runas, glifos e especialmente moedas.
2118472574|6d1ad3e3||Quando se trata de reparar armaduras, você precisa das ferramentas certas. Armaduras leves, médias e pesadas têm seus próprios kits de reparo específicos.
2118472575|6d1ad3ad||Congele seus oponentes sólidos. Ao combinar duas fontes diferentes do efeito resfriado - por exemplo, bombas Northern Wind e Aard com a habilidade Frostbite - o inimigo ficará congelado no lugar e sofrerá dano adicional.
2118472576|6d1ad3cd||Se você estiver causando muito pouco dano a um inimigo, pode precisar de mais penetração de armadura. Use fortes ou contra-ataques, óleo corrosivo, bombas com a habilidade Riving Blast ou crie uma nova arma especializada para esses oponentes.
2118472577|363f99ce||Acertos críticos não são apenas uma fonte de dano extra. Eles também aumentam a penetração da armadura e os efeitos de qualquer óleo em 50%.
2118472578|6d1ad3c9||Se você ouvir Geralt dizendo para você olhar em volta, significa que uma espada de artefato está em algum lugar próximo. Você pode desabilitar esses comentários em Opções > Mods > W3EE > Exploração.
2118472579|363f99ae||Inimigos envenenados se movem mais devagar e causam menos dano. Inimigos sangrando são mais lentos para recuperar stamina e recebem dano de sangramento adicional enquanto estiverem com pouca stamina.
2118472580|6d1ad425||Se você estiver morrendo de toxicidade sem um Mel Branco à mão, meditar pode salvar sua vida.
2118472581|363f9a0b||Atacar um inimigo sob a influência de Axii tornará mais difícil usar Axii neles novamente.
2118472582|6d1ad36d||Procurando o melhor lugar para descarregar seus troféus? Comerciantes gerais e estalajadeiros são um bom lugar para começar. Eles pagam um preço mais alto em Skellige, mas os comerciantes em Novigraad têm bolsos mais profundos. Toussaint tem o melhor de ambos.
2118472583|363f99b0||O Mel Branco curará imediatamente a febre tóxica e reduzirá a toxicidade, mas também cancelará os efeitos de outras poções. Tente ter sempre um pronto.
2118472584|363f9a0c||Você pode personalizar os atributos de alguns equipamentos antes de criar. Colocar seus atributos preferidos em uma espada pode ajudá-lo até que você possa pagar por lâminas de artefato caras.
2118472585|6d1ad421||Lutando com oponentes à distância? Tente lançar Yrden alternativo antes de se envolver. Ele oferece uma zona de proteção confiável enquanto você lida com qualquer atacante corpo a corpo.
2118472586|363f99eb||Tente criar suas próprias bases de alquimia com ingredientes que você já tem. As economias podem começar pequenas, mas aumentam com o tempo.
2118472587|363f99c8||Ao preparar um item alquímico de qualidade aprimorada, um ingrediente puro pode compensar a inclusão de um contaminado.
2118472588|6d1ad446||Seus alforjes lembram um armazém alquímico? A fabricação de cerveja além de sua necessidade imediata pode aumentar suas habilidades. Destilar ingredientes pesados ou sem efeitos secundários em essências primárias pode economizar peso.
2118472589|6d1ad38b||Lutando com um inimigo desconhecido? A poção Blizzard pode ajudá-lo a lidar com seu comportamento e padrão de ataque.
2118472590|363f9a0d||Você pode realizar um parry perfeito contra-atacando sem segurar nenhum modificador de distância. Ele reduz seus custos de equilíbrio enquanto atordoa o atacante e reduz seu equilíbrio, e também pode ser usado em níveis de equilíbrio mais baixos do que os contra-ataques.
2118472591|6d1ad442||Quando se trata de dano elemental, fogo e gelo têm combinações fortes e fracas. Dano etéreo e de choque são mais versáteis.
2118472592|6d1ad441||Para manter sua adrenalina, você precisa gerar um pouco a cada 4 segundos, caso contrário, ela começa a drenar. Tente manter um ritmo uniforme no combate.
2118472593|7e79ef0c||Espada de aço Víbora - aprimorada
2118472594|7e79ef0d||Espada de aço Víbora - superior
2118472595|7e79ef0e||Espada de aço Víbora - Obra-Prima
2118472596|7e79ef0f||Espada de aço Víbora - Obra-Prima
2118472597|72d3fe7a||Espada de prata Víbora - aprimorada
2118472598|72d3fe7b||Espada de prata da Víbora - superior
2118472599|72d3fe7c||Espada de prata da Víbora - Obra-Prima
2118472600|72d3fe7d||Espada de prata da Víbora - Obra-Prima
2118472601|9a066b41||Diagrama: Espada de aço da Víbora - aprimorada
2118472602|9a066b42||Diagrama: Espada de aço da Víbora - superior
2118472603|9a066b43||Diagrama: Espada de aço da Víbora - fabricada por mestre
2118472604|9a066b44||Diagrama: Espada de aço da Víbora - grão-mestre
2118472605|14095e93||Diagrama: Espada de prata da Víbora - aprimorada
2118472606|14095e94||Diagrama: Espada de prata da Víbora - superior
2118472607|14095e95||Diagrama: Espada de prata da Víbora - fabricada por mestre
2118472608|14095e96||Diagrama: Espada de prata da Víbora - fabricada por mestre
2118472609|0ff5fe0e||Cobrança atrasada
2118472610|15dda914||Aumenta o tempo do fusível da bomba em $I$ segundos.<br>Após o impacto, a bomda ganha $I$% dano, efeito, duração, e Riving Blast redução de cada segundo até detonar.<br>Aumenta o peso da bomba em $F$ e reduz o alcance em $I$%.
2118472611|15dda915||As bombas detonam em vários fragmentos explosivos no impacto, cada um causando $I$% do dano da bomba original.<br>Número de fragmentos: $I$<br>Aumenta o peso da bomba em $F$ e reduz o alcance de lançamento em $I$%.
2118472612|5f63dbf5||Permite a criação de bombas portáteis que explodem após um atraso de 5 segundos. Segure as bombas por mais tempo para reduzir o atraso entre o impacto e a detonação.
2118472613|6d1ad3e4||Ao lançar uma bomba ou disparar um dardo de besta, você pode usar a mira automática para um ataque rápido ou mirar manualmente para obter mais precisão. Apontar manualmente uma bomba reduzirá o atraso entre o impacto e a detonação.
2118472614|df71848f||Cura de lesão
2118472615|77971da9||Dano de força
2118472616|9807a82f||Cachorro
2118472617|4e7f3c54||Lobo
2118472618|b61ff258||Lobo branco
2118472619|49c19737||Lobo Atroz
2118472620|128d0c93||Para novos jogadores que procuram uma aventura mais indulgente.
2118472621|1ce20a9e||A experiência pretendida, sem modificadores a favor ou contra você.
2118472622|44a553fc||Para veteranos de mods e jogadores estabelecidos que desejam mais desafios.
2118472623|6e09959b||Para mestres e masoquistas que desejam um nível injusto de adversidade.
2118472624|6e36da4c||Equipamento - Durabilidade
2118472625|9aecdfcd||Multiplicador de Dano - Equilíbrio do Jogador
2118472626|9a51dd42||Multiplicador de Dano - Equilíbrio do Inimigo
2118472627|306f526b||Técnicas da Escola do Lobo
2118472628|51ba0aa4||Deflexão
2118472629|2066a1aa||Seleção de mutagênicos
2118472630|979bfe1c||Seleção Completa
2118472631|c7641a29||Diagram: Espada da víbora de aço
2118472632|7e79cf87||Diagram: Espada da víbora de prata
2118472633|940d4db6||Regeneração de vitalidade em combate
2118472634|37386f4b||Ataques à distância têm $S$% a mais de chance crítica e causam $S$% a mais de dano de equilíbrio. Esquivas e rolagens não impedem a regeneração do equilíbrio.
2118472635|37386f4c||Ervas aleatórias são encontradas em inimigos mortos. O equilíbrio não pode ser reduzido por $S$ segundos após uma esquiva, rolagem ou ataque de longa distância.
2118472636|19b23b84||Quando você reduz a resistência física de um inimigo, sua perfuração de armadura é reduzida na mesma quantidade. Ao entardecer, sua regeneração de Stamina, Equilíbrio e Vigor é aumentada em $S$%.
2118472637|19b23b85||A habilidade Explosões Despedaçadoras não se limita à primeira bomba. Enquanto o domínio do Albedo está em vigor, os óleos perdem carga e o equipamento perde durabilidade $S$% mais devagar.
2118472638|66502421||Animação - Pilhagem (Ervas)
2118472639|5ea74dc8||Animação - Pilhagem (Outros)
2118472640|cea7442f||Retarda a degeneração da adrenalina em $I$%.<br>Aumenta a velocidade de ataque em $F$% para cada ponto de Vigor.<br>Contra-ataques e defesas perfeitas não reduzirão o equilíbrio abaixo de $I$% do máximo.
2118472641|502b0448||Habilitar
2118472642|87c93b4d||Habilitar Câmera Imersiva
2118472643|4eb8b325||Peso - Itens de Fabricação
2118472644|1000a15c||Ilimitado
2118472645|b2eae791||Para cada conjunto de peças equipadas: $S$% da Adrenalina ganha restaura o Vigor e enquanto no Vigor máximo, $S$% da regeneração do Vigor é adicionada à regeneração da Stamina.
2118472646|b2eae792||Lançar Signos gera $S$ Adrenalina. Poções embebidas sem nenhuma outra poção ativa têm seus efeitos aumentados em $S$%. Os efeitos passivos da decocção são aumentados em $S$%.
2118472647|9f3574d0||Agressão - Escala com Contagem de Inimigos
2118472648|b11aaf6c||Força Postura de Combate com 2 mãos
2118472649|8dfe6c5b||Configurações dinâmicas de resistência
2118472650|6b6ce25d||Configurações padrão de resistência
2118472651|84ab3e7c||Configurações Estratégicas de Resistência
2118472652|2587b0ea||Ataque Compromisso
2118472653||attribute_name_toxicity_vigor_penalty|Regeneração do vigor penalizada pela toxidade
2118472654||Redux_ATOff|Off
2118472655||Redux_ATHybrid|Hybrid
2118472656||Redux_ATOn|On
2118472657||Redux_LootRadius|Looting Radius
2118472658||Redux_ControlOverride|Control Hints Override
2118472659||Redux_ControlOverridePC|Keyboard
2118472660||Redux_ControlOverridePS|Playstation
2118472661||Redux_ControlOverrideXB|Xbox
2118472662||Redux_ControlOverrideSC|Steam
2118472663||Redux_ControlOverrideNA|Default
2118472664||skill_name_mutation_master|Mutant Mastery
2118472665|4c4d888d||+$S$% Mutation XP per stage.<br>+$S$% Trial of the Grasses XP per stage.<br>If <font color="#CD7D03">"Turn and Face the Strange"</font> is completed:<br>Blue - increases Vigor regeneration by 25%<br>Green - increases Toxicity drain by 50%<br>Red - increases Vitality regeneration by 20<br>Orange - increases Stamina regeneration by 20%
2118472666||skill_name_mutation_1|Specter Mutation
2118472667||skill_desc_mutation_1|Sign costs are reduced by $S$%.<br>Sign Intensity is increased by $S$%.<br>Melee damage is reduced by $S$%.
2118472668||skill_name_mutation_2|Elemental Mutation
2118472669||skill_desc_mutation_2|You no longer regenerate Vigor except when meditating.<br>Hitting enemies with melee attacks restores Vigor based on your normal regeneration rate.<br>Fast Attack: $S$ seconds worth of regeneration<br>Strong Attack: $S$ seconds worth of regeneration<br>Whirl: $S$ second worth of regeneration<br>Rend: $S$-$S$ seconds worth of regeneration
2118472670||skill_name_mutation_3|Necrophage Mutation
2118472671||skill_desc_mutation_3|Adrenaline gain is increased by 50%.<br>Adrenaline no longer degenerates.<br>Being hit will remove Adrenaline instead of adding it.
2118472672||skill_name_mutation_4|Draconid Mutation
2118472673||skill_desc_mutation_4|You no longer suffer any penalties to speed or damage from low Stamina.<br>When taking damage you lose $S$ Stamina per percentage point of Vitality lost.<br>You take up to $S$% additional damage based on your missing Stamina.
2118472674||skill_name_mutation_5|Insectoid Mutation
2118472675||skill_desc_mutation_5|Your toxicity level no longer drains except when meditating.<br>Spending Stamina and gaining Adrenaline will remove Toxicity based on your normal drain rate.<br>Per point of Stamina spent: $S$ seconds worth of drain<br>Per point of Adrenaline gained: $S$ seconds worth of drain
2118472676||skill_name_mutation_6|Relict Mutation
2118472677||skill_desc_mutation_6|You deal $S$% more Poise damage with ranged attacks against attacking or incapacitated targets.<br>You deal up to $S$% more damage with ranged attacks based on the target's missing Poise.<br>Your Defense Efficiency is reduced by $S$%.
2118472678||skill_name_mutation_7|Cursed Mutation
2118472679||skill_desc_mutation_7|You no longer regenerate Vitality except when meditating.<br>Damaging enemies that have recently damaged you will restore some of your lost Vitality based on the damage you dealt. Bonuses to Vitality Regeneration will increase the window you have to strike back.
2118472680||skill_name_mutation_8|Ogroid Mutation
2118472681||skill_desc_mutation_8|Stamina costs of defensive actions are paid with Poise.<br>You always avoid hit reaction when your Poise percentage is higher than the percent of Vitality lost.<br>You can be poisebroken by unblocked attacks.
2118472682||skill_name_mutation_9|Vampire Mutation
2118472683||skill_desc_mutation_9|Melee damage is increased by $S$%.<br>Poise costs are reduced by $S$%.<br>Stamina costs of actions are reduced by $S$%.<br>Sign costs are increased by $S$%.
2118472684||skill_name_mutation_10|Hybrid Mutation
2118472685||skill_desc_mutation_10|You can fully dodge attacks you are not normally able to, but when you do you incur additional Stamina and Poise costs.<br>Stamina regen delays after dodges are doubled.<br>You can no longer dodge while Overexerted.
2118472686||skill_name_mutation_11|Latent Activation
2118472687||skill_desc_mutation_11|Potions and Decoctions are no longer consumed when used.<br>White Honey no longer affects you.
2118472688||skill_name_mutation_12|Metamorphosis
2118472689||skill_desc_mutation_12|Gain the effects of all researched mutations.
2118472690||Redux_MutationBaseMutagen|Current base mutagen: 
2118472691||Redux_MutationNoneMutagen|None
2118472692||Redux_MutationMultMutagen|Colored mutagen costs increased by 
2118472693||Redux_Acclimation1|$I$ mutagen slots unlocked.
2118472694||Redux_Acclimation2|$I$ mutagen slots unlocked.<br>Reduces the mutagen cost of Mutations by $I$%.
2118472695||Redux_LootDestinationHorse|Horse
2118472696||Redux_LootDestinationStash|Stash
2118472697|06ae2506||Researched mutations to unlock: $I$
2118472698|a344d8bd||Researched mutations for next stage: $I$
2118472699|fb1e2184||+$S$% Mutation XP per stage.<br>+$S$% Trial of the Grasses XP per stage.<br>If <font color="#CD7D03">"Turn and Face the Strange"</font> is completed:<br>Blue - increases Vigor regeneration by 25%<br>Green - increases Toxicity drain by 50%<br>Red - increases Vitality regeneration by 20<br>Orange - increases Stamina regeneration by 20%
   1075445|00000000||Para lançar uma bomba, pressione <<ThrowItem>><br><br>Você também pode mirar antes de lançar para aumentar sua precisão. Para fazer isso, segure <<ThrowItem>> e mire. Em seguida, solte <<ThrowItem>> para lançar a bomba.<br><br>Bombas têm um tempo de detonação de 5 segundos antes de detonar. Este atraso pode ser influenciado por vários meios.<br><br>Primeiro, o fusível será automaticamente encurtado enquanto você estiver mirando manualmente uma bomba. Uma bomba está totalmente "preparada" após 5 segundos em tempo real e explodirá com o impacto, indicado pelo início da faísca da bomba segura. Bombas não detonarão prematuramente.<br><br>Em segundo lugar, se Igni for o seu signo atualmente selecionado e uma bomba tiver mais de 1 segundo de tempo de detonação restante, você gastará automaticamente 0,5 Vigor para detonar no impacto.<br><br>Terceiro, as bombas explodirão imediatamente se expostas a qualquer um dos seguintes:<br>- Igni<br>- Aard<br>- Explosive bolts<br>- Dano de fogo de outras explosões de bombas<br>- Um alvo com a condição de status Queimando..
   1077685|00000000||To destroy a monster nest, strike it with the <font color="#CD7D03">Igni</font> sign.<br><br>You can also use a <font color="#CD7D03">Grapeshot</font>, <font color="#CD7D03">Samum</font> or <font color="#CD7D03">Dancing Star</font> bomb.
   1087258|00000000||You can remove upgrades and runestones from your items here.
   1087262|00000000||Once you select an item, you will be shown which upgrades it is fitted with here.<br><br>Bear in mind, however, that once you confirm your selection, <font color="#CD7D03">all</font> of this item's upgrades will be removed.
   1087266|00000000||To remove upgrades, select an item and press <<GUI_Select>>
   1087270|00000000||To remove upgrades and runestones, select an item and press <<GUI_PC_Select>>
   1114581|00000000||You can get Temerian gear by helping Vernon Roche in eastern Novigraad.
   1114589|00000000||You can get Nilfgaardian gear by working with Nilfgaardians throughout Velen. It can also be purchased from quartermaster Eggebracht at the Nilfgaardian army camp.
   1114595|00000000||New Game+ is not supported in Enhanced Edition Redux.
   1114607|00000000||You can get Skellige gear by helping Yoana at Crow's Perch.
   1131841|00000000||Adquira coroas para o autor de runas Otieri.
   1136504|00000000||Dê coroas para o autor de runas Otieri.
   1206642|00000000||<font color="#CD7D03">Mutations</font> are a further way to personalize your experience on the Path and customize your particular playstyle. They significantly alter core gameplay mechanics and player resources, offering both powerful advantages and debilitating drawbacks.<br><br>Mutations can be unlocked in <b>any</b> order you wish. 
   1206644|00000000||Developing a mutation requires a sizeable investment of <font color="#CD7D03">greater colored mutagens</font>, though there are several means of reducing their cost. When researching a red, blue, or green mutation you can provide a <font color="#CD7D03">base</font> mutagen that matches that mutation family. Any monster mutagen will suffice, but sourcing a higher tier archmutagen will provide further savings. This base mutagen is <b>not</b> consumed during research.<br><br>The cost of a mutation is also reduced by <font color="#CD7D03">10%</font> for each connected mutation already researched.<br><br>Finally the <font color="#CD7D03">Acclimation skill</font> will also reduce research costs.
   1206650|00000000||Mutant Mastery
   1206651|00000000||<font color="#CD7D03">Mutant Mastery</font> is a <b>passive ability</b> that develops automatically as you finish research on mutations.<br><br>This mutation has several stages, each boosting your experience gain in the <font color="#CD7D03">Mutations</font> and <font color="#CD7D03">Trials of the Grasses</font> skill trees. There are 4 total stages unlocked at two, four, eight, and twelve researched mutations.<br><br>Additionally, if you manage to gain access to an advanced laboratory dealing with Witcher mutations, this ability will gain further bonuses based on the color of your equipped mutation.<br><br>Blue: +25% Vigor Regeneration<br>Green: +50% Toxicity Drain<br>Red: +20 Vitality Regeneration<br>Orange: +20% Stamina Regeneration
   1206729|00000000||In Enhanced Edition Redux, mutations are available from the start of the game.<br><br>Mutations significantly alter core game mechanics and player resources, offering both powerful advantages and debilitating drawbacks.<br><br>To learn more, open the <font color="#CD7D03">Character Panel</font>.
   1206763|00000000||Mutation Research
   1206764|00000000||Once again, any mutation can be researched first regardless of its position. For tutorial purposes, select one of the highlighted mutations.
   1206765|00000000||Mutation Research
   1206766|00000000||Once a mutation is researched, it will reduce the resarch cost of all connected mutations by 10%. The <font color="#CD7D03">Acclimation</font> skill will also reduce the required number. 
   1206771|00000000||Mutant Mastery
   1206772|00000000||<font color="#CD7D03">Mutant Mastery</font> is a passive ability that improves automatically as you develop other mutations. It will also gain additional benefits when you gain access to an advanced laboratory during <font color="#CD7D03">Turn and Face the Strange</font>.
   1206779|00000000||Mutant Mastery
   1206780|00000000||Congratulations!<br>Your <font color="#CD7D03">Mutant Mastery</font> has advanced to the next level!
   1206785|00000000||Mutation Research
   1207952|00000000||Mutations require <font color="#CD7D03">greater colored mutagens</font>. Red, blue, and green mutations can be made cheaper by possessing a monster mutagen or archmutagen of the correct family to use as a <font color="#CD7D03">base</font>. Return here with enough mutagens to unlock a mutation.
   1214082|00000000||To use mutations, first you must research them. In Enhanced Edition Redux, mutations can be researched in <font color="#CD7D03">any order</font>. However, to advance this tutorial, select one of the highlighted mutations.
   1214084|00000000||Mutations require <font color="#CD7D03">greater colored mutagens</font>. Red, blue, and green mutations can be made cheaper by possessing a monster mutagen or archmutagen of the correct family to use as a <font color="#CD7D03">base</font>. This base mutagen is not consumed. 
   1225007|00000000||You can get the Thousand Flowers set by helping elves throughout Velen and Novigraad. It can also be purchased at the Scoia'tael camp southwest of Novigraad.
   1225008|00000000||You can get the White Tiger of the West set by scavenging the shipwreck Spoils of War throughout the Skellige Isles.
   1225013|00000000||You can get the White Tiger of the West set by scavenging the shipwreck Spoils of War throughout the Skellige Isles.
