;meta[language=cleartext]
; id      |key(hex)|key(str)| text
; previously translated lines in need of retranslation: 010,014,015,017,019,021,023,029,054,056,061,066,076,078,236
2118472000|1f70c020||$I$% 적게 스태미나를 소모합니다.<br>받는 근접 피해가 $I$%만큼 감소합니다.<br>$I$% 확률로 휩쓸기를 하는 동안 피해를 입어도 비틀거림이 발생하지 않습니다.
2118472001|1f70c022||방어 스태미나 효율을 $I$% 증가시킵니다.<br>카운터와 퍼펙트 패리를 통해 받는 피해를 $I$% 감소시킵니다.<br>방어하는 동안 비틀거림 효과를 피할 확률이 $I$%입니다.
2118472002|1f70c024||속공이 부상을 입힐 확률이 $I$% 더 높아집니다.<br>속공은 적의 속도를 $F$% 감소시켜 최대 $F$%까지 감소시킵니다.<br>적의 속도는 $I$초 동안 피해를 입지 않으면 회복됩니다.
2118472003|bcff1d6b||분열의 일격
2118472004|1f70c025||강공은 +$I$%의 추가 포이즈 피해를 줍니다.<br>패리 공격은 $I$%의 확률로 가드를 무너뜨립니다.
2118472005|cea74410||부상을 입을 확률이 $F$% 더 낮아집니다.<br>$F$%의 확률로 뒤에서 공격을 막아냅니다.<br>화살 튕겨내기의 스태미나 소모가 $F$% 감소합니다.<br>반사된 발사체가 $F$% 더 많은 피해를 줍니다.
2118472006|bcff1d6e||발놀림
2118472007|1f70c028||행동 스태미나 효율성을 $I$% 증가시킵니다.<br>스칠때 받는 피해가 $I$% 감소합니다.<br>회피하는 동안 비틀거림 효과를 피할 확률이 $I$%입니다.
2118472008|e2e48f8d||스테디 샷
2118472009|cea74413||원거리 피해가 $I$%만큼 증가합니다.<br>원거리 무기를 조준하는 동안 느려지는 시간이 $I$%로 증가합니다.
2118472010|cea74416||방어 행동(카운터 제외)의 포이즈 비용을 $I$% 낮춥니다.<br>낮은 스태미나로 인한 속도 패널티를 $I$%만큼 낮춥니다.<br>낮은 원기로 인한 나오는 표식 강도 패널티를 $I$%만큼 낮춥니다.
2118472011|163a8e70||대체 표식 모드:<br>아드가 원을 그리며 넉백이 증가하지만 피해는 적습니다.<br>피해량이 아드의 피해량의 $I$%로 증가합니다.<br>넉백 위력이 $I$% 증가합니다.
2118472012|163a8e71||대체 표식 모드:<br>$F$ 피해를 입히고 적에게 $F$% 느려지게 하는 연속적인 화염을 방출합니다.<br>불타는 적에게 $I$%의 피해를 줍니다.<br>원기 소모가 $I$%만큼 감소합니다.
2118472013|163a8e72||대체 표식 모드:<br>게롤트에 대해 공격적인 행동을 하는 상대에게 충격을 주는 보호 수호부를 만듭니다.<br>$I$의 피해를 주고 스킬 레벨과 적의 포이즈에 따라 일정 확률로 적의 공격을 방해합니다. 각 대상은 $F$초마다 한 번씩 공격할 수 있습니다.<br>해당 지역을 통과하는 화살과 볼트를 파괴합니다.
2118472014|163a8e73||대체 표식 모드:<br>활성형 보호막을 생성합니다. 그것을 계속 유지하고 공격을 차단하면 원기가 소모됩니다.<br>보호막이 흡수하는 피해는 스태미나를 회복하고 아드레날린을 증가시킵니다.<br>원기 비용이 $I$%만큼 감소합니다.
2118472015|163a8e74||대체 표식 모드:<br>대상이 된 적은 $I$초 동안 아군이 됩니다.<br>$I$%의 기본 성공 확률, 현재 꼭두각시 당 -$I$%.<br>꼭두각시를 공격하거나 공격당한 적은 $I$만큼 사기를 잃습니다.<br>대상의 체력이 $I$% 이하로 떨어지면 효과가 해제될 수 있습니다.
2118472016|0083ce62||용해
2118472017|8d17aa9c||에센스를 증류할 때 생산량이 $F$만큼 증가합니다.<br>니그레도 수치가 $I$% 증가합니다.
2118472018|0083ce63||정화
2118472019|8d17aa9d||여러 물약을 흡수할 때의 독성 증가를 $I$%로 감소시킵니다.<br>알베도 수치를 $I$% 증가시킵니다.
2118472020|0083ce64||응고
2118472021|8d17aa9e||포션(하얀 꿀 제외)은 섭취 시 체력의 $I$%를 회복합니다.<br>루베도 수치를 $I$% 증가시킵니다.
2118472022|0083ce65||포화
2118472023|8d17aa9f||물약의 지속 시간이 $I$% 증가합니다.<br>보조 물질의 지속 시간이 $I$% 증가합니다.
2118472024|15dda916||적용된 오일은 $I$% 더 강력합니다.<br>적용된 오일은 소진되는 효능이 $I$% 감소합니다.
2118472025|0083ce66||정착액
2118472026|8d17aaa0||적용된 오일은 $I$% 더 오래 지속됩니다.<br>적용된 오일은 무기 내구성 손실을 최대 $I$%까지 줄입니다.
2118472027|0083ce67||주입
2118472028|8d17aaa1||오일 효과는 적 출혈 레벨당 $I$% 증가합니다.<br>적용 출혈 레벨당 $I$% 확률로 적용된 오일이 충전을 잃지 않습니다.
2118472029|8d17aaa4||폭탄의 최대 투척 거리가 $I$%만큼 증가합니다.<br>폭탄을 조준하는 동안 느려지는 시간이 $I$%로 증가합니다.
2118472030|0ff5fe16||친밀감
2118472031|15dda91c||활성 탕약은 해당 몬스터의 가족으로부터 받는 피해를 $I$%만큼 감소시킵니다.<br>Active Mutations reduce damage taken from monsters of that family by $I$%.<br>Researched Mutations reduce damage taken from monsters of that family by $I$%.
2118472032|0ff5fe11||사냥꾼의 직감
2118472033|15dda917||장착한 변이인자는 해당 몬스터의 가족에게 입히는 피해를 티어당 $I$% 증가시킵니다.<br>Active Mutations increase damage dealt to monsters of that family by $I$%.<br>Researched Mutations increase damage dealt to monsters of that family by $I$%.
2118472034|0ff5fe17||Acclimation
2118472035|0ff5fe12||변형 분리
2118472036|15dda918||모든 변이인자 탕약의 효과 지속 시간을 $I$% 연장하고 독성을 $I$만큼 낮춥니다.<br>연금의 부산물로 일반 변이인자를 얻을 확률이 $I$%입니다.
2118472037|15dda91a||현재 독성 백분율을 기준으로 속도를 최대 $I$% 증가시킵니다.<br>현재 독성 백분율을 기준으로 아드레날린 생성을 최대 $I$% 증가시킵니다.
2118472038|15dda933||현재 독성 백분율에 따라 받는 피해가 최대 $I$% 감소합니다.<br>현재 독성 백분율에 따라 포이즈 비용이 최대 $I$% 감소합니다.
2118472039|0ff5fe13||강화된 내성
2118472040|15dda919||독성 열의 진행 중인 효과를 $I$%만큼 감소시킵니다.<br>독성 과다로 인한 피해를 $I$%만큼 감소시킵니다.
2118472041|0ff5fe15||대사 조절
2118472042|15dda91b||독성 배수를 $I$%만큼 증가시킵니다.<br>독성으로 인한 원기 재생 패널티를 $I$%만큼 낮춥니다.
2118472043|306f5267||기수
2118472044|da7e5ba1||말을 타고 주는 피해가 $I$%만큼 증가합니다.<br>탈것의 공포가 $I$%만큼 감소합니다.<br>질주 스태미나가 $I$% 감소합니다.
2118472045|306f5269||연금술 연구
2118472046|da7e5ba3||몬스터와 약초에서 얻는 연금술 전리품이 $I$% 증가합니다.
2118472047|da7e5ba4||장착한 각 경갑옷 부위 당:<br>+$I$ 안전 회피 각도<br>+$F$% 아드레날린 생성<br>-$F$% 부상 받을 기회
2118472048|da7e5ba5||장착한 각 일반갑옷 부위 당:<br>+$I$% 2차 저항<br>-$F$% 스태미나 재생 지연<br>-$F$% 포이즈 재생 지연
2118472049|da7e5ba6||장착한 각 중갑옷 부위 당:<br>+$F$ 스태미나 재생<br>+$F$ 포이즈 재생<br>+$F$% 완벽한 패리 및 배쉬 카운터를 수행할 때 넉다운 기회
2118472050|754d1890||전투 시작 시 $I$ 아드레날린을 얻고 패리로 아드레날린을 생성할 수 있습니다.
2118472051|dd7afa8b||쿠프 드 그라스
2118472052|754d1891||치명타 확률이 적의 부상당 $I$%만큼 증가합니다.<br>치명타 적중 시 부상을 입힐 수 있는 추가 확률이 $I$% 증가합니다.
2118472053|dd7afa8c||연금술 정제
2118472054|754d1892||연금술 제작물의 품질 가중치를 $I$만큼 높입니다.
2118472055|dd7afa8d||빠른 발
2118472056|754d1893||질주 속도를 $I$% 증가시킵니다.<br>회피 속도를 $I$% 증가시킵니다.
2118472057|754d1895||음식과 음료의 유익한 효과는 $I$% 더 오래 지속됩니다.<br>풍부한 영양 섭취와 충분한 수분 섭취는 $I$ 체력을 얻습니다.
2118472058|dd7afa90||위치선정
2118472059|754d1896||측면 공격이 $I$% 증가합니다.<br>안전 회피 각도가 $I$ 증가합니다.
2118472060|dd7afa92||향상된 유지관리
2118472061|754d1898||장비 유지관리 버프는 두 배 더 오래 지속됩니다.<br>수리 키트는 유지 관리 버프를 적용합니다.
2118472062|dd7afa93||헌츠맨
2118472063|754d1899||몬스터 계약 대상에 대한 피해가 $I$% 증가합니다.<br>트로피는 $I$% 더 비싸게 판매됩니다.
2118472064|dd7afaaa||싸움꾼
2118472065|754d18b0||비무장 피해에 건틀렛 아머를 추가합니다.<br>몬스터에 대한 비무장 피해 패널티를 제거합니다.<br>포이즈를 $I$ 증가시킵니다.
2118472066|754d18b1||최대 인벤토리 무게가 $I$만큼 증가합니다.<br>장착된 갑옷으로 인한 패널티가 $I$%만큼 감소합니다.
2118472067|cea74418||체력이 $F$% 아래로 떨어지면 아드레날린 1포인트당 체력 재생이 최대 $F$ 증가하고 받는 피해가 최대 $F$ 감소합니다.
2118472068|6dcf4535||잠금 해제에 필요한 돌연변이 스킬 포인트
2118472069|09e37be1||독성 배수
2118472070|9ac99c6f||초자연적 피해
2118472071|d083d32c||냉기 피해
2118472072|3ff69286||냉각 기회
2118472073|1935a008||독 피해
2118472074|1b47b2ca||부상 기회
2118472075|4daea6a8||비틀거림 기회
2118472076|8cda7a5f||베일 오일의 디메리티움은 유령의 정수 재생을 일시적으로 중지합니다.<br>$S$초 동안 재생을 일시 중지합니다.
2118472077|252e4c38||원래는 팔카의 잔혹함을 위한 도구로 개발되었지만 이 오일을 사용하는 윤리는 경로에 적용되는 것으로 인해 쉽게 가려집니다.
2118472078|d835eee2||강철검이 초자연적 생물에게 피해를 입힐 수 있게하고 그것에 취약한 것들에게 은 화상을 입히는 은 입자가 있는 기름입니다.<br>초자연적인 생물을 $S$초 동안 불태워 초당 $S$의 피해를 줍니다.
2118472079|c32c566a||출혈에 대한 저항력이 증가하고 위쳐의 피는 뱀파이어와 네크로파지가 상처를 입었을 때 상처를 입히고 뒤로 밀쳐냅니다.
2118472080|c32c566b||출혈에 대한 저항력이 증가하고 위쳐의 피는 뱀파이어와 네크로파지가 상처를 입었을 때 상처를 입히고 뒤로 밀쳐냅니다.
2118472081|c32c566c||출혈에 대한 저항력이 증가하고 위쳐의 피는 뱀파이어와 네크로파지가 상처를 입었을 때 상처를 입히고 뒤로 밀쳐냅니다.<br><br>우수한 물약: 반사된 피해는 또한 사기를 낮춥니다.
2118472082|1b06cd08||아드레날린 생성을 증가시키고 적이 공격을 시작하면 잠시 시간이 느려진다.
2118472083|1b06cd09||아드레날린 생성을 증가시키고 적이 공격을 시작하면 잠시 시간이 느려진다.
2118472084|1b06cd0a||아드레날린 생성을 증가시키고 적이 공격을 시작하면 잠시 시간이 느려진다.<br><br>우수한 물약: 속도는 현재 아드레날린에 비례하여 상쇄됩니다.
2118472085|874e9f86||회피 속도, 최대 안전 회피 각도, 회피 또는 전력 질주 시 스태미나 효율성을 증가시킵니다.
2118472086|874e9f87||회피 속도, 최대 안전 회피 각도, 회피 또는 전력 질주 시 스태미나 효율성을 증가시킵니다.
2118472087|874e9f88||회피 속도, 최대 안전 회피 각도, 회피 또는 전력 질주 시 스태미나 효율성을 증가시킵니다.<br><br>우수한 물약: 회피하는 동안 비틀거림 효과를 무효화합니다.
2118472088|be845121||최대 생명력과 부상 저항력을 증가시킵니다.
2118472089|be845122||최대 생명력과 부상 저항력을 증가시킵니다.
2118472090|be845123||최대 생명력과 부상 저항력을 증가시킵니다.<br><br>우수한 물약: 밤에 들어오는 공격은 최대 생명력의 1/5 이상을 처리할 수 없습니다. 보름달 동안 최대 생명력의 1/6.
2118472091|3a84c328||중독 및 독 피해에 대한 내성을 높이고 독 스택 감소를 가속화합니다.
2118472092|3a84c329||중독 및 독 피해에 대한 내성을 높이고 독 스택 감소를 가속화합니다.
2118472093|3a84c32a||중독 및 독 피해에 대한 내성을 높이고 독 스택 감소를 가속화합니다.<br><br>우수한 물약: 흡수되면 현재 독성 비율과 동일한 비율의 생명력을 회복합니다.
2118472094|7e132eab||포이즈, 방어 스태미나 효율을 높이고 카운터와 패리를 통해 받는 피해를 줄입니다.
2118472095|7e132eac||포이즈, 방어 스태미나 효율을 높이고 카운터와 패리를 통해 받는 피해를 줄입니다.
2118472096|7e132ead||포이즈, 방어 스태미나 효율을 높이고 카운터와 패리를 통해 받는 피해를 줄입니다.<br><br>우수한 물약: 막는 동안 비틀거림 효과를 무효화합니다.
2118472097|27d6f7d6||원기 재생을 증가시킵니다.
2118472098|27d6f7d7||원기 재생을 증가시킵니다.
2118472099|27d6f7d8||원기 재생을 증가시킵니다.<br><br>우수한 물약: 원기 재생이 독성에 의해 방해받지 않습니다. 
2118472100|9e58d1f3||표식 강도를 높입니다.
2118472101|9e58d1f4||표식 강도를 높입니다.
2118472102|9e58d1f5||표식 강도를 높입니다.<br><br>우수 물약: 표식는 항상 특수 효과를 적용합니다.
2118472103|56747c55||체력 재생을 증가시킵니다. 피해를 받으면 효과가 2초 동안 일시 중지됩니다.
2118472104|56747c56||체력 재생을 증가시킵니다. 피해를 받으면 효과가 2초 동안 일시 중지됩니다.
2118472105|56747c57||체력 재생을 증가시킵니다. 피해를 받으면 효과가 2초 동안 일시 중지됩니다.<br><br>우수한 물약: 체력이 최대일 때 지속 시간이 일시 중지됩니다.
2118472106|437e276a||스태미너 재생 및 공격 스태미나 효율을 증가시킵니다.
2118472107|437e276b||스태미너 재생 및 공격 스태미나 효율을 증가시킵니다.
2118472108|437e276c||스태미너 재생 및 공격 스태미나 효율을 증가시킵니다.<br><br>우수한 물약: 지속 시간이 밤에 일시 중지됩니다.
2118472109|295c2a69||방어구 관통력, 포이즈 피해, 블록 관통 피해 증가시킨다.
2118472110|295c2a6a||방어구 관통력, 포이즈 피해, 블록 관통 피해 증가시킨다.
2118472111|295c2a6b||방어구 관통력, 포이즈 피해, 블록 관통 피해 증가시킨다.<br><br>우수한 물약: 치명타 시 일정 확률로 광란이 발동하여 속도가 증가하는 동안 시간이 느려집니다.
2118472112|de026195||활성 및 휴면 독성을 배출하고 독성 열을 치료하지만 모든 활성 물약을 취소합니다.
2118472113|de026196||활성 및 휴면 독성을 배출하고 독성 열을 치료하지만 모든 활성 물약을 취소합니다.
2118472114|de026197||활성 및 휴면 독성을 배출하고 독성 열을 치료하지만 모든 활성 물약을 취소합니다.<br><br>우수한 물약: 물약 효과 취소가 10초 지연됩니다.
2118472115|9ec8a224||체력 재생을 크게 증가시킵니다.
2118472116|9ec8a225||체력 재생을 크게 증가시킵니다.
2118472117|9ec8a226||체력 재생을 크게 증가시킵니다.<br><br>우수한 물약: 흡수되면 잃은 생명력의 30%를 치유합니다.
2118472118|739e1e2c||장착된 각 세트 피스 당, 회피 후 공격은 $S$초 동안 측면 공격력과 부상 확률이 +$S$% 증가하고, 공격 후 회피는 $S$초 동안 스태미나 효율이 +$S$%이고 스치는 피해가 감소합니다.
2118472119|739e1e2d||부상을 가하면 적의 속도와 피해가 $S$% 감소합니다.
2118472120|8ed43e3f||장착된 각 세트 피스 당, 당신이 입힌 에테리얼 피해의 $S$%는 적의 힘, 냉기, 화염, 충격 및 정신 저항을 영구적으로 낮춥니다. 피해 면역을 깨뜨릴 수 있지만 상태이상 면역은 불가능합니다.
2118472121|8ed43e3e||이르덴 서클 안에 있는 동안 시간 감속이 +$S$% 증가하고 활력 재생이 +$S$%, 다른 표식에 대한 강도가 +$S$% 증가합니다.
2118472122|d23efdaf||장착된 각 세트 피스 당, 적의 포이즈 재생이 $S$초로 지연되고 포이즈가 깨진 적에 대한 강한 공격은 $S$% 더 많은 피해를 줍니다.
2118472123|d23efdb0||패리는 최대 $S$번 중첩되며, 각각의 스택은 방어력을 $S$만큼, 치명타 피해는 $S$%만큼 증가합니다. 분쇄는 $S$ 스택을 소모하여 넉다운시키고, 치명타를 보장하며 영구적으로 적의 갑옷 피어싱을 $S$% 감소시킵니다.
2118472124|85e8fbd1||장착된 각 세트 피스 당, 출혈을 일으키면 $S$의 아드레날린이 생성되고 아드레날린 퇴화는 주변 적의 출혈 중첩당 $S$초만큼 지연됩니다.
2118472125|85e8fbd2||$S$% 아드레날린을 초과하는 동안 공격 스태미너 비용의 $S$%는 아드레날린으로 지불됩니다. 이런 식으로 아드레날린을 소모할 때마다 $S$ 체력을 회복합니다.
2118472126|6c1d3ba3||장착된 각 세트 피스 당, +$S$% 원거리 피해(폭탄 포함) 및 대상에 대한 상태 효과당 +$S$% 공격력.
2118472127|6c1d3ba4||독성 퍼센트 스케일로 스케일링 되는 효과는 대신 플랫 독성으로 스케일됩니다. 활성 독성 1포인트당 +$S$% 공격력 및 +$S$ 체력 재생.
2118472128|90f6cc99||장착된 각 세트 피스 당, 중독된 적을 $S$초 동안 마비시키고 독 피해 시간이 지나면 현재 스태미나의 $S$%만큼 감소합니다.
2118472129|90f6cc9a||추가 오일을 적용할 수 있으며 추가 오일로 인한 효능 손실은 $S$%만큼 감소합니다.
2118472130|4080bc95||근접에서 당신에게 피해를 주는 적은 일정 확률로 출혈이 발생합니다.
2118472131|4080bc96||근접 공격에서 처치된 적은 출혈 스택당 $S$만큼 당신의 체력을 회복시킵니다.
2118472132|4080bc97||근접에서 당신에게 피해를 주는 적은 혼란스럽거나 매혹될 확률이 있습니다.
2118472133|4080bc98||액시는 대상의 출혈을 모두 제거하여 출혈 스택당 $S$만큼 당신의 활력을 회복시킵니다.
2118472134|7147041d||빠르고 강력한 공격을 번갈아 가며 다음 적중 시 피해를 $S$만큼 증가시킵니다.
2118472135|c99bd20f||체력이 $S$ 미만인 적을 공격하면 $S$의 추가 에테리얼 피해를 입히고, 체력이 $S$ 미만인 상태에서 적을 공격하면 $S$의 추가 에테리얼 피해와 +$S$의 아드레날린 증가를 제공합니다.<br>이러한 효과는 중첩될 수 있습니다.
2118472136|4c4bdd7a||체력이 $S$ 미만으로 떨어지면 근접 전투에서 최대 $S$의 추가 피해를 입힙니다.
2118472137|fca08245||글라에디브 블라타나
2118472138|942307fe||만티코어 석궁
2118472139|0e7bf6b8||튼튼하고 편리한 발사체입니다.
2118472140|9e52384c||도면: 만티코어 석궁
2118472141|d23992f7||피해
2118472142|89dfeac9||치명타 확률
2118472143|69d8dd89||치명타 피해
2118472144|3c4a6af2||피해
2118472145|bc4297c4||치명타 확률
2118472146|5806ca6e||치명타 피해
2118472147|c7b0b7d7||피해
2118472148|73d42fa9||치명타 확률
2118472149|3375c4a9||치명타 피해
2118472150|b08bd7d2||피해
2118472151|fa3924a4||치명타 확률
2118472152|2e06698e||치명타 피해
2118472153|9ee36bde||2차 저항
2118472154|d77df5a3||스태미나 비용 수정자
2118472155|bb4c164a||스태미나 재생 수정자
2118472156|611eba4c||효율
2118472157|a853b90c||공격
2118472158|a853c270||방어
2118472159|a853e57f||행동
2118472160|a873c1a4||발생률
2118472161|660463ab||현재 승수
2118472162|5a563e63||카운터에서 아드레날린 획득
2118472163|a873acf5||공격 시 아드레날린 획득
2118472164|6606538a||처치 시 아드레날린 획득
2118472165|a873c5e7||명중 시 아드레날린 증가
2118472166|ad65ad94||피해 보너스
2118472167|34b0307a||속도 오프셋
2118472168|61215338||표식 강도 - 분노 폭발
2118472169|9b0279d0||비율
2118472170|6634a559||독성 획득
2118472171|603d5b5e||독성 배수
2118472172|60379d1e||초당 변경
2118472173|610fe1ad||기본 속도 보너스 - 격노
2118472174|c97d7b95||아드레날린 생성 보너스 - 격노
2118472175|c97d7d42||받는 피해 감소 - 통증 견디기
2118472176|60e53782||포이즈 비용 절감 - 통증 견디기
2118472177|31530a11||원기 재생 감소 - 독성 발열
2118472178|6cca3390||스태미나 재생 감소 - 독성 발열
2118472179|2c95c79e||기본 속도 감소 - 독성 발열
2118472180|fa5fe1ca||이그니 표식강도
2118472181|69a5ef8d||원기 재생 감소 - 체력
2118472182|cb182f78||원기 재생 감소 - 독성
2118472183|b05bd39a||원기 재생 보너스 - 아드레날린
2118472184|634d93e6||비용 수정자
2118472185|a5980d0f||리덕스
2118472186|fea6c717||내부 항목 이름 표시
2118472187|dc78246f||퀘스트 아이템 드랍
2118472188|f582d556||떨어뜨린 항목 삭제
2118472189|850ab239||피니셔 - 포이즈 피니셔 비활성화
2118472190|a9f59285||스태미나 재생 - 글로벌
2118472191|a926ec8e||스태미나 비용 - 글로벌
2118472192|01be5517||공격성 - 스태미나
2118472193|842f2c7b||공격성 - 행동
2118472194|34537901||포이즈 효율
2118472195|51517d52||$I$%만큼 독성 배수 증가
2118472196|51517d53||$I$만큼 체력 재생 증가
2118472197|51517d54||$I$%만큼 피해 증가
2118472198|28bf4ac7||로취
2118472199|28cfaa13||창고
2118472200|db33e095||로취에
2118472201|11bda277||토글 로취
2118472202|28cfaa13||창고
2118472203|e4718bad||창고
2118472204|7aae494d||위쳐 센스 - 토글
2118472205|81426c9e||내구성
2118472206|2ae9db22||생명력흡수
2118472207|c5548b41||혼수상태
2118472208|b1173fc7||액시가 종료되면, 대상은 최대 스태미나와 포이즈의 $I$%를 잃고 $I$초 동안 느려집니다.<br>이러한 효과는 대상의 최대 체력에 따라 감소합니다.
2118472218|952c6052||검 특수효과 비활성화
2118472219|392e560f||고양이 회피 보너스
2118472220|e7cb8710||고양이 공격 보너스
2118472221|8c7e03a5||로취에 얼마나 많은 항목이 있는지 표시
2118472222|d67df7c9||스태미나 재생 및 효율 보너스
2118472223|c7cde2ed||속도 감소
2118472224|fb0b1ca2||피해 페널티 - 스태미나가 없을 때 최대 감소 비율
2118472225|b65455e4||과로 시 거리 수정자 비활성화
2118472226|c215a129||창고 디버그
2118472227|d78475c2||독성 - 승수
2118472228||SwordInjuryHealEffectDescr|치명타는 포이즈를 완전히 회복시키고 부상을 치유합니다.
2118472229||Redux_SetBonus1|세트 보너스 - 첫번째 필요조건
2118472230||Redux_SetBonus2|세트 보너스 - 두번째 필요조건
2118472231||W3EE_ReduxDynam|리덕스 - 다이나믹
2118472232||W3EE_ReduxStrat|리덕스 - 전략적
2118472233||skill_desc_temerian_set_ability1|대상의 방어도가 높을수록 크리티컬 데미지가 $S$%까지 증가합니다. 공격하지 않고 5초 후, 다음 공격은 치명타 확률과 갑옷 관통이 $S$% 증가합니다.
2118472234||skill_desc_nilfgaard_set_ability1|카운터 비용이 $S$% 감소합니다. 나보다 포이즈가 적은 적을 공격하면 최대 $S$ 스태미나를 회복합니다.
2118472235||skill_desc_skellige_set_ability1|근접 공격자는 냉각될 수 있습니다. 양손 보조 무기로 공격할 때, $S$% 더 많은 피해를 입히고 비틀거림에 면역이 됩니다.
2118472236||skill_desc_ofieri_set_ability1|수호부주문과 3티어 룬주문의 효과를 증가시킵니다.
2118472237||skill_desc_new_moon_set_ability1|상대방이 공격할 때, 칼을 던지면 상대방을 기절시킵니다. 밤에는 총 속도가 $S$% 증가하고 회피 길이가 길어집니다.
2118472238||starting_pants_improved|개선된 케어 모헨 바지
2118472239||starting_boots_improved|개선된 케어 모헨 부츠
2118472240||starting_gloves_improved|개선된 케어 모헨 건틀릿
2118472241||starting_sword_steel_improved|개선된 케어 모헨 강철검
2118472242||starting_sword_silver_improved|개선된 케어 모헨 은검
2118472243||item_name_starting_pants_upgrade_schematic|개선된 케어 모헨 바지
2118472244||item_name_starting_boots_upgrade_schematic|개선된 케어 모헨 부츠
2118472245||item_name_starting_gloves_upgrade_schematic|개선된 케어 모헨 건틀릿
2118472246||item_name_starting_sword_steel_upgrade_schematic|개선된 케어 모헨 강철검
2118472247||item_name_starting_sword_silver_upgrade_schematic|개선된 케어 모헨 은검
2118472248||W3EE_PyromaniacSkill|대체 이그니 데미지가 $I$, 기본 이그니 데미지가 $I$, 화상 데미지가 $I$ 증가합니다.
2118472249||Redux_DAC|Disable Artifact Comments
2118472250||redux_DeathCounter|Death Counter
2118472251||GaunterMode|Gaunter Mode
2118472252||Redux_GMEnabled|Enabled
2118472253||Redux_GMSkillReq|Skill Point Requirement
2118472254||Redux_GMSkillMod|Spent Skill Modifier
2118472255||Redux_GMDeathLimit|Death Limit
2118472256||Redux_GMVitality|Maximum Vitality Loss per Death
2118472257||Redux_GMStamina|Maximum Stamina Loss per Death
2118472258||Redux_GMToxicity|Maximum Toxicity Loss per Death
2118472259||Redux_GMIntensity|Sign Intensity Loss per Death
2118472260||Redux_GMXPModifier|XP Modifier per Death
2118472261||Redux_GMDurability|Maximum Equipment Durability Loss
2118472262||Redux_GMMark|GOD's Mark
2118472263||Redux_GMLethalMark|GOD's Mark - Lethal Only
2118472264||Redux_GMQuestMod|Death Decrement from Quests
2118472265||Redux_GMDeathMod|Death Increment from Recent Deaths
2118472266||attribute_name_attack_stamina_cost_bonus|Offense efficiency
2118472267||attribute_name_parry_stamina_cost_bonus|Defense efficiency
2118472268||attribute_name_movement_stamina_efficiency|Movement efficiency
2118472269||W3EE_EvSpeed|Movement speed
2118472270||W3EE_EvSpeedH|Movement speed
2118472271||attribute_name_evade_speed|Movement speed
2118472272||item_name_glyph_reinforcement_lesser|Lesser Glyph of Freeing
2118472273||item_name_glyph_reinforcement|Glyph of Freeing
2118472274||item_name_glyph_reinforcement_greater|Greater Glyph of Freeing
2118472275||panel_blacksmith_remove_improvement_confirmation|Are you sure you want to remove upgrades?
2118472276||attribute_name_oil_flammable_effect_tooltip2|Chance to burn
2118472277||attribute_name_oil_ethereal_damage_tooltip|Ethereal damage
2118472278||skill_desc_magic_s6|Increases Aard's poise damage by $I$%.<br>Increases stun chance to $I$%. 
2118472279||skill_desc_magic_s12|Aard deals an additional $I$ frost damage.<br>Aard has a base $I$% chance to chill for $I$ seconds.<br>Chance increases against targets low in stamina or poise.<br>Chilled enemies are slowed, have reduced stamina regen, and take increased physical damage.
2118472281||skill_desc_magic_s13|Quen explodes when taking $I$% of its health in damage, staggering nearby enemies and dealing $I$ shock damage.<br>Quen reflected damage is increased to $I$%.
2118472282||skill_desc_magic_s14|Reduces the Vigor upkeep of Quen by $I$%.<br>Quen regenerates $I$ of its health per second.<br>Active Shield regenerates $I$% of your poise per second.
2118472283||skill_desc_magic_s15|Increases Quen stagger resistance to $I$%.<br>Increases Quen poise cost reduction to $I$%.<br>Increases Quen counter damage reduction to $I$%.
2118472284||skill_name_magic_s14|Renewing Shield
2118472285||W3EE_QuenSkill|Protective shield that absorbs damage, blocks poison and bleed, reduces poise costs, and increases stagger resistance.<br>Slows Vigor regeneration by $I$% while active.<br>Activating a Quen shield just before an enemy attack lands will counter the blow.<br><br>Shield Health: $I$<br>Shield Duration: $I$ seconds
2118472286||glyphword01_name|Disintegration I
2118472287||glyphword01_desc|Aard applies up to $I$ bleed stacks.<br><br>+$I$ Aard damage
2118472288||glyphword02_name|Disintegration II
2118472289||glyphword02_desc|Aard permanently weakens enemy armor and force resistance by $I$%.<br><br>+$I$ Aard damage
2118472290||glyphword03_name|Disintegration III
2118472291||glyphword03_desc|Aard chill chance is increased by $I$%. If a target is both frozen and knocked down by Aard, it is instantly killed. Otherwise freeze deals an additional $I$ damage.<br><br>+$I$ Aard damage
2118472292||glyphword04_name|Acceleration I
2118472293||glyphword04_desc|Time slows by $I$% for $I$ seconds when dodging or casting Aard.<br><br>+$I$% Movespeed
2118472294||glyphword05_name|Acceleration II
2118472295||glyphword05_desc|Casting Aard while sprinting increases intensity by $I$% for each second sprinted. Movement speed bonuses increase Aard intensity.<br><br>+$I$% Movespeed
2118472296||glyphword06_name|Acceleration III
2118472297||glyphword06_desc|When time slows from dodging or casting Aard, your speed is offset.<br><br>+$I$% Movespeed
2118472298||glyphword07_name|Immolation I
2118472299||glyphword07_desc|You are immune to burns. Above $I$ adrenaline your armor alights, burning enemies who strike you in melee.<br><br>+$I$% Adrenaline gain
2118472300||glyphword08_name|Immolation II
2118472301||glyphword08_desc|You release a wave of flame when poisebroken, taking $I$% vitality in damage, or perfect parrying at full poise.<br><br>+$I$% Adrenaline gain
2118472302||glyphword09_name|Immolation III
2118472303||glyphword09_desc|You continuously deal $I$ fire damage per point of adrenaline to nearby enemies.<br><br>+$I$% Adrenaline gain
2118472304||glyphword10_name|Purgation I
2118472305||glyphword10_desc|Igni and burns reduce enemy morale, causing them to behave less aggressively in combat.<br><br>+$I$ Igni damage
2118472306||glyphword11_name|Purgation II
2118472307||glyphword11_desc|Enemies killed by Igni or while burning explode, dealing $I$ fire damage to nearby enemies.<br><br>+$I$ Igni damage
2118472308||glyphword12_name|Purgation III
2118472309||glyphword12_desc|Burning an enemy restores $F$ vigor. Killing an enemy with Igni or while burning restores $F$ vigor.<br><br>+$I$ Igni damage
2118472310||glyphword13_name|Absorption I
2118472311||glyphword13_desc|Enemies killed while in a Yrden ring restore your vitality and vigor based on their maximum health.<br><br>+$I$% Lifesteal
2118472312||glyphword14_name|Absorption II
2118472313||glyphword14_desc|Enemies spending stamina while in a Yrden ring restore your stamina.<br><br>+$I$% Lifesteal
2118472314||glyphword15_name|Absorption III
2118472315||glyphword15_desc|Enemies damaged while in a Yrden ring or by a Warding Glyph restore your vitality and vigor based on the damage dealt.<br><br>+$I$% Lifesteal
2118472316||glyphword16_name|Enervation I
2118472317||glyphword16_desc|Enemies lose $I$% of their maximum stamina per second while in a Yrden ring, or $I$% when hit by a Warding Glyph.<br><br>Warding Glyph applies $I$ poison stacks
2118472318||glyphword17_name|Enervation II
2118472319||glyphword17_desc|Enemies lose $F$% of their maximum vitality per second while in a Yrden ring, or $I$% when hit by a Warding Glyph.<br><br>Warding Glyph applies $I$ poison stacks
2118472320||glyphword18_name|Enervation III
2118472321||glyphword18_desc|Enemies lose $F$% speed per second while in a Yrden ring. Resets when leaving or recasting Yrden. Doubles Warding Glyph damage debuff.<br><br>Warding Glyph applies $I$ poison stacks
2118472322||glyphword19_name|Retribution I
2118472323||glyphword19_desc|Exploding Shield damage is increased by $I$.<br><br>Quen reflects +$I$% damage
2118472324||glyphword20_name|Retribution II
2118472325||glyphword20_desc|Enemies hitting a Quen shield are shocked.<br><br>Quen reflects +$I$% damage
2118472326||glyphword21_name|Retribution III
2118472327||glyphword21_desc|Quen counters discharge an additional wave of energy in the direction of the attacker, shocking and dealing $I$ damage.<br><br>Quen reflects +$I$% damage
2118472328||glyphword22_name|Bastion I
2118472329||glyphword22_desc|Damage to Quen is reduced by $I$%.<br><br>+$I$% Quen intensity
2118472330||glyphword23_name|Bastion II
2118472331||glyphword23_desc|While channeling an Active Shield, vitality and stamina regeneration are increased by $I$%.<br><br>+$I$% Quen intensity
2118472332||glyphword24_name|Bastion III
2118472333||glyphword24_desc|Vigor upkeep of Quen is reduced by $I$%.<br><br>+$I$% Quen intensity
2118472334||glyphword25_name|Conjunction I
2118472335||glyphword25_desc|Critical effects and status conditions have a chance to spread over Axii Link.<br><br>+$I$% Axii intensity
2118472336||glyphword26_name|Conjunction II
2118472337||glyphword26_desc|A portion of damage you deal to one target is multiplied and spread over Axii Link.<br><br>+$I$ Axii intensity
2118472338||glyphword27_name|Conjunction III
2118472339||glyphword27_desc|A portion of damage you take is redirected over Axii Link or to your Puppets.<br><br>+$I$ Axii intensity
2118472340||glyphword28_name|Posession I
2118472341||glyphword28_desc|When Puppet ends, the target takes $I$ ethereal damage.<br><br>Your Puppets deal +$I$% damage
2118472342||glyphword29_name|Posession II
2118472343||glyphword29_desc|Enemy mental resistance is reduced by $I$% when casting Axii.<br><br>Your Puppets deal +$I$% damage
2118472344||glyphword30_name|Posession III
2118472345||glyphword30_desc|Puppet has infinite duration and you cannot harm your Puppets. Cast Axii on them to remove the effect.<br><br>Your Puppets deal +$I$% damage
2118472346||glyphword31_name|Protection I
2118472347||glyphword31_desc|Armor repair buffs increase your armor by $I$.<br><br>+$I$ Poise
2118472348||glyphword32_name|Protection II
2118472349||glyphword32_desc|Equipped armor does not suffer standard durability loss.<br><br>+$I$ Poise
2118472350||glyphword33_name|Protection III
2118472351||glyphword33_desc|Fatal damage is blocked at the cost of armor durability.<br><br>+$I$ Poise
2118472352||glyphword34_name|Deflection I
2118472353||glyphword34_desc|Your armor deflects incoming arrows and bolts, preventing all damage.<br><br>+$I$ Armor
2118472354||glyphword35_name|Deflection II
2118472355||glyphword35_desc|Your armor has a $I$% chance to deflect an incoming blow, preventing all damage.<br><br>+$I$ Armor
2118472356||glyphword36_name|Deflection III
2118472357||glyphword36_desc|Your armor deflects all incoming projectiles, preventing all damage.<br><br>+$I$ Armor
2118472358||glyphword37_name|Regeneration I
2118472359||glyphword37_desc|At full stamina, your stamina regeneration is added to vitality regeneration. Doubles when standing still.<br><br>+$I$ Vitality regeneration
2118472360||glyphword38_name|Regeneration II
2118472361||glyphword38_desc|Vitality regeneration is increased up to $I$% the lower your current vitality.<br><br>+$I$ Vitality regeneration
2118472362||glyphword39_name|Regeneration III
2118472363||glyphword39_desc|You regenerate half the damage you take from an attack over $I$ seconds. Resets upon being hit.<br><br>+$I$ Vitality regeneration
2118472364||glyphword40_name|Perfection I
2118472365||glyphword40_desc|Adrenaline generation is increased at high vitality rather than reduced.<br><br>+$I$ Vitality
2118472366||glyphword41_name|Perfection II
2118472367||glyphword41_desc|At full vitality, $I$% of your vitality regeneration is added to stamina and vigor regeneration.<br><br>+$I$ Vitality
2118472368||glyphword42_name|Perfection III
2118472369||glyphword42_desc|Killing an enemy while you are at full health grants charges that increases damage by $I$% and armor by $I$. Lose $I$ charge when hit.<br><br>+$I$ Vitality
2118472370||glyphword43_name|Constitution I
2118472371||glyphword43_desc|Maximum carry weight is increased by $I$. Carrying more weight increases armor up to $I$ and stagger resistance up to $I$%.<br><br>+$I$% Secondary resistances
2118472372||glyphword44_name|Constitution II
2118472373||glyphword44_desc|Being well-rested increases vigor regeneration by $I$%. Being well-fed increases stamina regeneration by $I$. Being well-hydrated increases toxicity drain by $I$%.<br><br>+$I$% Secondary resistances
2118472374||glyphword45_name|Constitution III
2118472375||glyphword45_desc|Spend $I$ vigor to survive fatal damage at $I$ vitality. Penalties from low vitality are reduced by $I$%.<br><br>+$I$% Secondary resistances
2118472376||glyphword46_name|Assimilation I
2118472377||glyphword46_desc|Unless you meditate, toxicity will not drain without toxicity gain. Penalties from high toxicity are reduced by $I$%.<br><br>+$I$% Potion duration
2118472378||glyphword47_name|Assimilation II
2118472379||glyphword47_desc|Decoctions with power mutagens increase vitality regeneration by $I$. Decoctions with endurance mutagens increase stamina regeneration by $I$. Decoctions with concentration mutagens increase vigor regeneration by $I$%.<br><br>+$I$% Potion duration
2118472380||glyphword48_name|Assimilation III
2118472381||glyphword48_desc|Each source of toxicity gain increases mutagen effects and toxicity drain by $I$%.<br><br>+$I$% Potion duration
2118472382||glyphword49_name|Elation I
2118472383||glyphword49_desc|Maximum carry weight is increased by $I$. Carrying less weight increases total speed by up to $I$%.<br><br>-$I$% Armor penalties
2118472384||glyphword50_name|Elation II
2118472385||glyphword50_desc|Speed penalties from low stamina are decreased by up to $I$% based on current adrenaline.<br><br>-$I$% Armor penalties
2118472386||glyphword51_name|Elation III
2118472387||glyphword51_desc|The time slow from adrenaline is not reduced at high vitality.<br><br>-$I$% Armor penalties
2118472388||glyphword52_name|Conservation I
2118472389||glyphword52_desc|Spend $I$ vigor to avoid Overexertion and restore $I$ stamina.<br><br>+$I$% Stamina efficiency
2118472390||glyphword53_name|Conservation II
2118472391||glyphword53_desc|Stamina efficiency is increased up to $I$% the lower your current stamina.<br><br>+$I$% Stamina efficiency
2118472392||glyphword54_name|Conservation III
2118472393||glyphword54_desc|Stamina regeneration is increased by $I$% when standing still.<br><br>+$I$% Stamina efficiency
2118472394||runeword01_name|Glaciation I
2118472395||runeword01_desc|Perfect parries apply the chilled effect.<br><br>+$I$% Defense efficiency
2118472396||runeword02_name|Glaciation II
2118472397||runeword02_desc|Chilled enemies cannot damage you through parries and counters.<br><br>+$I$% Defense efficiency
2118472398||runeword03_name|Glaciation III
2118472399||runeword03_desc|Chilled enemies have their poise regeneration lowered by $I$%. Melee poise-breaks freeze the target.<br><br>+$I$% Defense efficiency
2118472400||runeword04_name|Exhaustion I
2118472401||runeword04_desc|Every $I$ points of frost damage dealt to a target lowers their stamina by $I$.<br><br>+$I$% Chance to chill
2118472402||runeword05_name|Exhaustion II
2118472403||runeword05_desc|Chilled enemies are further slowed up to $I$% the lower their current stamina.<br><br>+$I$% Chance to chill
2118472404||runeword06_name|Exhaustion III
2118472405||runeword06_desc|This sword deals an additional $I$ frost damage for every point of stamina the target is missing.<br><br>+$I$% Chance to chill
2118472406||runeword07_name|Obliteration I
2118472407||runeword07_desc|This sword heats up when it strikes, gaining charges that increase fire damage by $I$. Cools down over time.<br><br>+$I$ Fire damage
2118472408||runeword08_name|Obliteration II
2118472409||runeword08_desc|Charges also increase critical chance by $I$% and offense efficiency by $I$%.<br><br>+$I$ Fire damage
2118472410||runeword09_name|Obliteration III
2118472411||runeword09_desc|Killing an enemy has a $I$% chance per charge to trigger an explosion that deals $I$ fire damage to nearby enemies. Critical hits have a $I$% chance per charge to do the same.<br><br>+$I$ Fire damage
2118472412||runeword10_name|Cremation I
2118472413||runeword10_desc|Hitting a burning enemy with this sword increases burn duration by $F$ seconds. Interrupting a burn animation refreshes burn duration.<br><br>+$I$% Chance to burn
2118472414||runeword11_name|Cremation II
2118472415||runeword11_desc|Enemies in a burn animation lose up to $I$% of their maximum poise each second. Burn damage increases by $I$ each second.<br><br>+$I$% Chance to burn
2118472416||runeword12_name|Cremation III
2118472417||runeword12_desc|Enemies permanently take $I$% more damage for every second they have been burned.<br><br>+$I$% Chance to burn
2118472418||runeword13_name|Transmutation I
2118472419||runeword13_desc|Bombs convey the effects of oils on this sword. All oils additionally give a $I$% chance to poison.<br><br>+$I$ Poison damage
2118472420||runeword14_name|Transmutation II
2118472421||runeword14_desc|Poison damage is converted to physical damage if the target's poison resistance is higher than its armor.<br><br>+$I$ Poison damage
2118472422||runeword15_name|Transmutation III
2118472423||runeword15_desc|Oil effects are increased by $I$% for each poison stack on the target.<br><br>+$I$ Poison damage
2118472424||runeword16_name|Affliction I
2118472425||runeword16_desc|This sword has $I$% additional poison chance for every $I$ points of active toxicity. Poison damage over time deals $I$% more damage.<br><br>+$I$% Chance to poison
2118472426||runeword17_name|Affliction II
2118472427||runeword17_desc|Removes the maximum limit on the number of poison stacks on a target.<br><br>+$I$% Chance to poison
2118472428||runeword18_name|Affliction III
2118472429||runeword18_desc|Enemy poison and injury resistance is reduced by $I$% for each poison stack. Poison damage over time has a $I$% chance per stack to inflict injuries or stagger the target.<br><br>+$I$% Chance to poison
2118472430||runeword19_name|Exsanguination I
2118472431||runeword19_desc|When you apply bleeding, there is a chance equal to the target's health percent to apply $I$ additional stacks.<br><br>+$I$% Chance to cause bleeding
2118472432||runeword20_name|Exsanguination II
2118472433||runeword20_desc|Removes the maximum limit on the number of bleed stacks on a target.<br><br>+$I$% Chance to cause bleeding
2118472434||runeword21_name|Exsanguination III
2118472435||runeword21_desc|The first strike of a heavy special attack applies $I$ bleed stacks, then the second strike removes all bleed stacks on the target. Deals $I$ damage and increases the target's bleeding resistance by $I$% for each stack removed.<br><br>+$I$% Chance to cause bleeding
2118472436||runeword22_name|Desperation I
2118472437||runeword22_desc|Your adrenaline cannot fall below $I$% of your missing vitality percent.<br><br>+$I$ Adrenaline degeneration delay
2118472438||runeword23_name|Desperation II
2118472439||runeword23_desc|To avoid Overexertion, you spend adrenaline instead of stamina.<br><br>+$I$ Adrenaline degeneration delay
2118472440||runeword24_name|Desperation III
2118472441||runeword24_desc|You gain $F$% lifesteal for each point of adrenaline and $F$% lifesteal for each missing vitality percent.<br><br>+$I$ Adrenaline degeneration delay
2118472442||runeword25_name|Reflection I
2118472443||runeword25_desc|The range of your slash counters is increased. Allows kick and bash counters against large creatures.<br><br>+$I$% Counter damage
2118472444||runeword26_name|Reflection II
2118472445||runeword26_desc|Your counters deal $I$% more poise damage and return $I$% of the poise damage dealt.<br><br>+$I$% Counter damage
2118472446||runeword27_name|Reflection III
2118472447||runeword27_desc|Countering with more precise timing increases your counter damage by $I$% of the countered attack's damage.<br><br>+$I$% Counter damage
2118472448||runeword28_name|Electrocution I
2118472449||runeword28_desc|Doubles chance to apply electroshock to $I$%. Electroshock also paralyzes the target.<br><br>+$I$ Shock damage
2118472450||runeword29_name|Electrocution II
2118472451||runeword29_desc|This sword deals up to $I$ additional shock damage based on the target's armor.<br><br>+$I$ Shock damage
2118472452||runeword30_name|Electrocution III
2118472453||runeword30_desc|Striking a shocked enemy with this sword charges it, granting $I$% Quen intensity and $I$% damage through blocks. Casting Quen discharges it, dealing $I$ shock damage per charge and shocking nearby enemies.<br><br>+$I$ Shock damage
2118472454||runeword31_name|Exhilaration I
2118472455||runeword31_desc|Killing an enemy with Whirl or Rend restores $I$ stamina.<br><br>+$I$% Offense efficiency
2118472456||runeword32_name|Exhilaration II
2118472457||runeword32_desc|Attacking increases attack speed and offense efficiency by $I$% until the next non-attack action.<br><br>+$I$% Offense efficiency
2118472458||runeword33_name|Exhilaration III
2118472459||runeword33_desc|When reaching $I$ adrenaline, enter a state where time slows and actions have no stamina cost. Adrenaline drains quickly and effect ends when out of adrenaline.<br><br>+$I$% Offense efficiency
2118472460||runeword34_name|Assassination I
2118472461||runeword34_desc|Attacks against enemies at full health deal $I$% more damage.<br><br>+$I$% Flanking attack power
2118472462||runeword35_name|Assassination II
2118472463||runeword35_desc|Flanking attacks are guaranteed critical hits.<br><br>+$I$% Flanking attack power
2118472464||runeword36_name|Assassination III
2118472465||runeword36_desc|The first attack after this sword is unsheathed or kills has +$I$% critical damage, but subsequent attacks cannot be critical hits.<br><br>+$I$% Flanking attack power
2118472466||runeword37_name|Prolongation I
2118472467||runeword37_desc|Oils and effects on this sword have +$I$% duration.<br><br>+$I$% Vigor regeneration
2118472468||runeword38_name|Prolongation II
2118472469||runeword38_desc|Signs and sign effects have +$I$% duration.<br><br>+$I$% Vigor regeneration
2118472470||runeword39_name|Prolongation III
2118472471||runeword39_desc|This sword has increased attack range.<br><br>+$I$% Vigor regeneration
2118472472||runeword40_name|Invocation I
2118472473||runeword40_desc|This sword gains elemental damage and critical effects from your currently selected sign, scaling with sign intensity.<br><br>+$I$% Sign intensity
2118472474||runeword41_name|Invocation II
2118472475||runeword41_desc|Strong attacks will trigger the Warding Glyph to fire at the target.<br><br>+$I$% Sign intensity
2118472476||runeword42_name|Invocation III
2118472477||runeword42_desc|Special attacks have a chance to trigger effects based on your currently selected sign. Rend scales with charge time, up to $I$%. Whirl has a $I$% chance per attack.<br><br>+$I$% Sign intensity
2118472478||runeword43_name|Resolution I
2118472479||runeword43_desc|Attack power is increased by $F$% for every $I$ maximum hitpoints of current enemies. Poise damage is increased by $F$% per point of adrenaline.<br><br>+$I$% Stagger resistance while attacking
2118472480||runeword44_name|Resolution II
2118472481||runeword44_desc|When fighting bosses, you have +$I$% stagger resistance, adrenaline drains $I$% slower, and your melee poisebreaks deal additional damage based on the target's maximum health.<br><br>+$I$% Stagger resistance while attacking
2118472482||runeword45_name|Resolution III
2118472483||runeword45_desc|A fully charged Rend attack consumes all available vigor to deal up to $I$% additional damage with $I$% lifesteal.<br><br>+$I$% Stagger resistance while attacking
2118472484||runeword46_name|Destruction I
2118472485||runeword46_desc|You deal an additional $I$% damage to staggered enemies.<br><br>+$I$% Chance to stagger
2118472486||runeword47_name|Destruction II
2118472487||runeword47_desc|While above $I$% poise, your attacks deal $I$% more poise damage but you suffer $I$% of your maximum poise in recoil.<br><br>+$I$% Chance to stagger
2118472488||runeword48_name|Destruction III
2118472489||runeword48_desc|While above $I$% vitality, your attacks deal $I$% more damage but you suffer $I$% of your maximum vitality in recoil.<br><br>+$I$% Chance to stagger
2118472490||runeword49_name|Penetration I
2118472491||runeword49_desc|You apply critical effects through enemy blocks. If the target is not blocking, $I$% of block penetration is added to armor piercing.<br><br>+$I$% Damage through enemy blocks
2118472492||runeword50_name|Penetration II
2118472493||runeword50_desc|Armor piercing above the target's armor value is added to critical damage.<br><br>+$I$% Damage through enemy blocks
2118472494||runeword51_name|Penetration III
2118472495||runeword51_desc|Fast attacks reduce enemy armor by $I$% for $I$ seconds. Strong attacks reduce enemy armor by $I$% permanently.<br><br>+$I$% Damage through enemy blocks
2118472496||runeword52_name|Fortification I
2118472497||runeword52_desc|Weapon repair buffs improve armor piercing by $I$%.<br><br>-$I$% Damage taken through blocks
2118472498||runeword53_name|Fortification II
2118472499||runeword53_desc|This sword does not suffer standard durability loss.<br><br>-$I$% Damage taken through blocks
2118472500||runeword54_name|Fortification III
2118472501||runeword54_desc|Enemies killed with this sword permanently increase its damage. Killing $I$ maximum hitpoints will increase its damage by $I$.<br><br>-$I$% Damage taken through blocks
2118472502||runeword55_name|Mutilation I
2118472503||runeword55_desc|Injuries reduce the target's armor piercing by $I$% and increase the duration of bleed stacks by $I$%.<br><br>+$I$% Chance to cause injuries
2118472504||runeword56_name|Mutilation II
2118472505||runeword56_desc|Finishers and dismemberments grant $I$% more stamina and adrenaline and cause $I$% more morale damage.<br><br>+$I$% Chance to cause injuries
2118472506||runeword57_name|Mutilation III
2118472507||runeword57_desc|Injuries deal $I$% of the target's maximum health in damage and reduce their maximum poise by $I$%.<br><br>+$I$% Chance to cause injuries
2118472508||runeword58_name|Desolation I
2118472509||runeword58_desc|Critical chance is increased up to $I$% based on the difference between you and your target's health percents.<br><br>+$I$% Critical damage
2118472510||runeword59_name|Desolation II
2118472511||runeword59_desc|Damaging an enemy with a strong/fast attack permanently increases critical chance/critical damage against them by $I$% respectively.<br><br>+$I$% Critical damage
2118472512||runeword60_name|Desolation III
2118472513||runeword60_desc|If a strong attack poisebreak is a critical hit, the target is instantly slain. Fast attack poisebreaks have +$I$% critical damage.<br><br>+$I$% Critical damage
2118472524||redux_perfection|Perfection
2118472525||redux_obliteration|Obliteration
2118472526||redux_electrocution|Electrocution
2118472527||item_desc_decoction_1|Applying bleeding increases your total speed by 15% for 3 seconds. Melee attacks deal 2% more damage for each bleeding stack on the target.
2118472528||item_desc_decoction_2|Killing an enemy restores 10% of your missing vitality. Adrenaline degeneration is delayed by 2 additional seconds.
2118472529||item_desc_decoction_3|You cannot be poisebroken. Receiving damage increases damage and stagger resistance by 5% for 5 seconds, up to 25%.
2118472530||item_desc_decoction_4|At night your total speed, attack power, stamina efficiency, and sign intensity are increased by 10%. During a full moon, taking fatal damage will remove this decoction and return you to 50% vitality.
2118472531||item_desc_decoction_5|Dealing elemental damage reduces enemy resistance to every other type of elemental damage. Fist attacks deal increased damage and have a chance to apply critical effects.
2118472532||item_desc_decoction_6|Physical resistances are increased by 20% and you take no graze damage while dodging. Your melee attacks deal normal damage to incorporeal spectres.
2118472533||item_desc_decoction_7|You gain 20% vigor regen at dawn and up to 20% sign intensity at high vitality. You gain 2 stamina regen at dusk and up to 20% armor piercing at low vitality.
2118472534||item_desc_decoction_8|Attack speed and power are increased by 10% for 2 seconds after performing a dodge. When calculating penalties from low stamina or vigor, you use the higher of the two.
2118472535||item_desc_decoction_9|Using fast attacks, strong attacks, or signs generate stacks that can improve the strength of the other two. When reaching 6 stacks, the next use has 50% increased attack power or sign intensity. Fast attacks generate 1 stack, strong attacks 2 stacks, and signs 3 stacks.
2118472536||item_desc_decoction_10|Poison does not weaken you. Applying poison to enemies reduces your toxicity by 1. Opponents who cause you to bleed are poisoned.
2118472537||skill_desc_perk_20|You sell items for 25% more coin.<br>Haggling over contracts is 25% easier.
2118472538|363f99b1||If your toxicity meter fills completely, you'll take poison damage from your toxicity gain and enter a fevered state with lowered speed and stamina regeneration. Drink a White Honey to recover.
2118472539|6d1ad461||Heavier armor will absorb more damage and increase your maximum poise, but you pay for that protection in slower speed, lower stamina regeneration, and higher stamina costs.
2118472540|b93269e9||Attacks from behind have 15% higher critical chance and 10% higher damage. You are unable to parry attacks from behind without the Heightened Senses skill - so watch your rear.
2118472541|6d1ad3a6||Improving your equipment at a grindstone or repair bench will slow its durability loss by 50%.
2118472542|6d1ad424||Use repair kits to keep your equipment in good condition. They repair a portion of missing durability, so the longer you wait to use them the greater their effect.
2118472543|363f99c9||Craftsmen can remove runes and upgrades from your items and return them to you.
2118472544|6d1ad408||Disassembling an item will recover any upgrades within, but they can be removed directly without the need to destroy the item.
2118472545|363f99aa||Enemies with white health bars take little damage from steel swords. Switch to your silver blade, or coat your steel with Argentia oil.
2118472546|6d1ad3ca||Enemies with red health bars can be fought with either sword. Witchers with deep pockets will find silver ideal against monsters, while steel is best against against humans and beasts.
2118472547|363f99d0||You can Fast Travel to a harbor while on a boat by pulling up the World Map. Look for boats along the coast and near harbors.
2118472548|6d1ad370||Monster nests can be destroyed with a Dancing Star, Grapeshot or Samum bomb. But consider using the Igni sign instead.
2118472549|6d1ad422||With witcher gear, crafting it is only the first step. Upgrading it will subtly change its stats as well as its appearance.
2118472550|6d1ad369||The weather affects your enemies. You will find it easier to burn foes during the day, but harder during rain or storms.
2118472551|6d1ad3c5||The weather affects your enemies. Necrophages are more dangerous opponents at dusk or during the night. Grave hags are especially comfortable at this hour.
2118472552|6d1ad3a7||The weather affects your enemies. Werewolves are more dangerous at night, and particularly during a full moon. Even regular wolves move more swiftly under a full moon.
2118472553|b93269ed||The weather affects your enemies. You will find Archespores more resilient in the sun.
2118472554|6d1ad445||The weather affects your enemies. Drowners and Sirens love rain and storms, but Harpies find it difficult to maneuver.
2118472555|6d1ad428||The weather affects your enemies. Whenever possible, fight noonwraiths under the moon and nightwraiths under the sun.
2118472556|6d1ad440||The weather affects your enemies. Wielders of magic - such as Sorceresses or Succubi - gain additional power under the moon, especially when full.
2118472557|6d1ad409||Destroyed monster nests are a good source of mutagens, unique monster parts, and even expensive jewelry.
2118472558|6d1ad463||If you're looking to make monster decoctions, merchants who specialize in books may have the uncommon knowledge you seek.
2118472559|6d1ad3a5||When you find a relic blade, it may be in unusable condition. You will need the services of a master weaponsmith to restore it.
2118472560|6d1ad423||Potions, bombs, and oils have high-quality forms that you can make by using high-quality ingredients. Potions can have secondary effects as well.
2118472561|6d1ad389||Every alchemy item requires a base ingredient. Alcohol for potions, animal fat for oils, and saltpetre for bombs are good starting points.
2118472562|6d1ad3ab||Every Sign has an alternate mode, accessible by holding the cast button.
2118472563|b93269ef||You can perform alchemy by meditating at a fire or when visiting an alchemist or herbalist.
2118472564|6d1ad449||If you have sustained a lingering injury, you can treat it immediately with a bandage. They will also heal on their own when meditating at full health.
2118472565|363f99af||You can use Quen to protect yourself from the life-draining aura of a noonwraith or nightwraith. Argentia oil will also temporarily disable it.
2118472566|6d1ad386||When attempting to brew a superior alchemical item, every ingredient must be of pure quality. With the Alchemical Refinement perk, one ingredient can be of lower quality.
2118472567|6d1ad447||Witchers' reflexes are so sharp that a sword is enough defense to swat arrows out of the air as they fly. With proper timing, they can even reflected back to their point of origin.
2118472568|b93269f0||Most opponents have limited stamina, and without it they deal less damage. You can deplete stamina with Aard or Paralysis oil, and attacking them will delay their stamina regeneration.
2118472569|6d1ad387||The Axii Sign is uesful outside of combat. It can keep neutral animals from fleeing, calm horses, and even be used during dialogue.
2118472570|6d1ad3a8||While underwater, you cannot draw your swords or cast most Signs. Rely on Aard or your crossbow to deal with underwater attackers.
2118472571|363f99d1||Be careful with your vigor. Each point increases your damage by 10%, and Signs cast with less than full vigor are weaker. Still, the right Sign at the right time can be worth the cost.
2118472572|a4b1c1ec||You can store weapons and armor in a number of stashes throughout the world. Gear stored in one location will be available in all other locations as well.
2118472573|a05ae697||Look for a Runewright east of Novigraad to enchant your gear, but consider saving up first - in runes, glyphs, and especially coin.
2118472574|6d1ad3e3||When it comes to repairing armor, you need the right tools. Light, medium, and heavy armor all have their own specific repair kits.
2118472575|6d1ad3ad||Freeze your opponents solid. By combining two different sources of the chilled effect - for instance, Northern Wind bombs and Aard with the Frostbite skill - the enemy will be frozen in place and take additional damage.
2118472576|6d1ad3cd||If you find yourself doing very little damage to a foe, you may need more armor penetration. Use strong or counterattacks, Corrosive oil, bombs with the Riving Blast skill, or craft a new specialized weapon for these opponents.
2118472577|363f99ce||Critical hits are not only a source of extra damage. They also increase armor penetration and the effects of any oils by 50%.
2118472578|6d1ad3c9||If you hear Geralt telling you to look around some, it means an artifact sword is somewhere nearby. You can disable these comments in Options > Mods > W3EE > Exploration.
2118472579|363f99ae||Poisoned enemies move slower and do less damage. Bleeding enemies are slower to recover stamina and take additional bleed damage while low on stamina.
2118472580|6d1ad425||If you find yourself dying from toxicity without a White Honey at hand, meditating can save your life.
2118472581|363f9a0b||Attacking an enemy under the influence of Axii will make it more difficult to use Axii on them again.
2118472582|6d1ad36d||Looking for the best place to offload your trophies? General merchants and innkeeps are a good place to start. They pay a higher price in Skellige, but merchants in Novigraad have deeper pockets. Toussaint has the best of both.
2118472583|363f99b0||White Honey will immediately cure toxicity fever and reduce toxicity, but will also cancel the effects of other potions. Try to always have one at the ready.
2118472584|363f9a0c||You can customize the attributes of some gear before crafting. Putting your preferred attributes on a sword can tide you over until you can afford expensive artifact blades.
2118472585|6d1ad421||Struggling with ranged opponents? Try casting alternate Yrden before engaging. It offers a reliable zone of protection while you deal with any melee attackers.
2118472586|363f99eb||Try creating your own alchemy bases from ingredients you already have. The savings might start small, but they add up over time.
2118472587|363f99c8||When brewing an enhanced quality alchemical item, a pure ingredient can offset the inclusion of a contaminated one.
2118472588|6d1ad446||Do your saddlebags resemble an alchemical warehouse? Brewing beyond your immediate need can raise your skills. Distilling heavy ingredients or those without secondary effects into primary essences can save weight.
2118472589|6d1ad38b||Struggling with an unfamiliar enemy? The Blizzard potion can help you come to grips with its behavior and pattern of attack.
2118472590|363f9a0d||You can perform a perfect parry by countering without holding any distance modifiers. It lowers your poise costs while staggering the attacker and reducing their poise, and can be used at lower poise levels than counterattacks as well.
2118472591|6d1ad442||When it comes to elemental damage, fire and frost have strong and weak matchups. Ethereal and shock damage are more versatile.
2118472592|6d1ad441||In order to maintain your adrenaline you need to generate some every 4 seconds, otherwise it begins to drain. Try to keep an even tempo in combat.
2118472593||item_name_redux_viper_steel_lvl2|Viper steel sword - enhanced
2118472594||item_name_redux_viper_steel_lvl3|Viper steel sword - superior
2118472595||item_name_redux_viper_steel_lvl4|Viper steel sword - mastercrafted
2118472596||item_name_redux_viper_steel_lvl5|Grandmaster Viper steel sword
2118472597||item_name_redux_viper_silver_lvl2|Viper silver sword - enhanced
2118472598||item_name_redux_viper_silver_lvl3|Viper silver sword - superior
2118472599||item_name_redux_viper_silver_lvl4|Viper silver sword - mastercrafted
2118472600||item_name_redux_viper_silver_lvl5|Grandmaster Viper silver sword
2118472601||item_name_redux_viper_steel_sword_schematic_1|Diagram: Viper steel sword - enhanced
2118472602||item_name_redux_viper_steel_sword_schematic_2|Diagram: Viper steel sword - superior
2118472603||item_name_redux_viper_steel_sword_schematic_3|Diagram: Viper steel sword - mastercrafted
2118472604||item_name_redux_viper_steel_sword_schematic_4|Diagram: Viper steel sword - grandmaster
2118472605||item_name_redux_viper_silver_sword_schematic_1|Diagram: Viper silver sword - enhanced
2118472606||item_name_redux_viper_silver_sword_schematic_2|Diagram: Viper silver sword - superior
2118472607||item_name_redux_viper_silver_sword_schematic_3|Diagram: Viper silver sword - mastercrafted
2118472608||item_name_redux_viper_silver_sword_schematic_4|Diagram: Viper silver sword - grandmaster
2118472609||skill_name_alchemy_s10|Delayed Charge
2118472610||skill_desc_alchemy_s10|Increases bomb fuse time by $I$ seconds and bomb priming rate by $I$%.<br>After impact bombs gain $I$% damage, effect duration, and Riving Blast reduction each second until they detonate.<br>Increases bomb weight by $F$ and reduces throw range by $I$%.
2118472611||skill_desc_alchemy_s11|Bombs detonate into a number of explosive fragments on impact, each doing $I$% of the damage of the original bomb.<br>Number of fragments: $I$<br>Increases bomb weight by $F$ and reduces throw range by $I$%.
2118472612||skill_desc_alchemy_3|Enables the creation of handheld bombs that explode after a 5 second delay. Hold bombs longer to reduce the delay between impact and detonation.
2118472613|6d1ad3e4||When throwing a bomb or shooting a crossbow bolt, you can either use auto-aim for a quick attack, or aim manually for more precision. Manually aiming a bomb will reduce the delay between impact and detonation.
2118472614||attribute_name_heal_injury_time|Injury heal
2118472615||attribute_name_forcedamage|Force damage
2118472616||panel_mainmenu_dificulty_easy_title|Dog
2118472617||panel_mainmenu_dificulty_normal_title|Wolf
2118472618||panel_mainmenu_dificulty_hard_title|White Wolf
2118472619||panel_mainmenu_dificulty_hardcore_title|Dire Wolf
2118472620||panel_mainmenu_dificulty_easy_description|For new players looking for a more forgiving adventure.
2118472621||panel_mainmenu_dificulty_normaldescription_description|The intended experience, with no modifiers for or against you.
2118472622||panel_mainmenu_dificulty_hard_description|For mod veterans and established playthroughs wanting more challenge.
2118472623||panel_mainmenu_dificulty_hardcore_description|For masters and masochists craving an unfair level of adversity.
2118472624||Redux_EquipmentDurability|Equipment - Durability
2118472625||W3EE_PPDam|Damage Multiplier - Player Poise
2118472626||W3EE_EPDam|Damage Multiplier - Enemy Poise
2118472627||skill_name_perk_6|Wolf School Techniques
2118472628||redux_deflection|Deflection
2118472629||metal_mutsorterbegin|Sorting Mutagens
2118472630||metal_mutsorterend|Sorting Complete
   1131841|00000000||Acquire crowns for the Ofieri runewright.
   1136504|00000000||Give crowns to the Ofieri runewright.
2118472631||item_name_viper_school_steel_sword_schematic|Diagram: Viper steel sword
2118472632||item_name_viper_school_silver_sword_schematic|Diagram: Viper silver sword
2118472633||panel_common_statistics_tooltip_incombat_regen|Vitality regeneration in combat
2118472634||skill_desc_elven_set_ability1|Ranged attacks have $S$% higher critical chance and deal $S$% more poise damage. Dodges and rolls do not impede poise regeneneration.
2118472635||skill_desc_elven_set_ability2|Random herbs are found on slain enemies. Poise cannot be lowered for $S$ seconds after a dodge, roll, or long distance attack.
2118472636||skill_desc_tiger_set_ability1|When you reduce an enemy's physical resistance, their armor piercing is reduced by the same amount. At Dusk your Stamina, Poise, and Vigor regeneration are increased by $S$%.
2118472637||skill_desc_tiger_set_ability2|The Riving Blasts skill is not limited to the first bomb. While Albedo dominance is in effect, oils lose charge and equipment loses durability $S$% slower.
2118472638||W3EE_HerbAnim|Animation - Looting (Herbs)
2118472639||W3EE_LootingAnim|Animation - Looting (Other)
2118472640||skill_desc_sword_s20|Slows Adrenaline degeneration by $I$%.<br>Increases critical chance by $F$% for each point of Vigor.<br>Counters and perfect parries will not reduce poise below $I$% of maximum.
2118472641||ic_enable|Enable
2118472642||immersive_cam_enabled|Enable Immersive Cam
2118472643||W3EE_WeightCraft|Weight - Crafting Items
2118472644||panel_stash_unlimited|Unlimited
2118472645||skill_desc_netflix_set_ability1|For each set piece equipped: $S$% of Adrenaline gained restores Vigor and while at full Vigor, $S$% of Vigor regeneration is added to Stamina regeneration.
2118472646||skill_desc_netflix_set_ability2|Casting Signs generates $S$ Adrenaline. Potions imbibed with no other potions active have their effects increased by $S$%. Decoction passive effects are increased by $S$%.
2118472647||Redux_BehScale|Aggression - Scale With Enemy Count
2118472648||Redux_StanceAnim|Force 2H Combat Stance
2118472649||Redux_SetStamDynamic|Dynamic Stamina Settings
2118472650||Redux_SetStamDefault|Default Stamina Settings
2118472651||Redux_SetStamStrategic|Strategic Stamina Settings
2118472652||Redux_AttackCommit|Attack Commitment
2118472653||attribute_name_toxicity_vigor_penalty|Vigor regen penalty from toxicity
2118472654||Redux_ATOff|Off
2118472655||Redux_ATHybrid|Hybrid
2118472656||Redux_ATOn|On
2118472657||Redux_LootRadius|Looting Radius
2118472658||Redux_ControlOverride|Control Hints Override
2118472659||Redux_ControlOverridePC|Keyboard
2118472660||Redux_ControlOverridePS|Playstation
2118472661||Redux_ControlOverrideXB|Xbox
2118472662||Redux_ControlOverrideSC|Steam
2118472663||Redux_ControlOverrideNA|Default
2118472664||skill_name_mutation_master|Mutant Mastery
2118472665|4c4d888d||+$S$% Mutation XP per stage.<br>+$S$% Trial of the Grasses XP per stage.<br>If <font color="#CD7D03">"Turn and Face the Strange"</font> is completed:<br>Blue - increases Vigor regeneration by 25%<br>Green - increases Toxicity drain by 50%<br>Red - increases Vitality regeneration by 20<br>Orange - increases Stamina regeneration by 20%
2118472666||skill_name_mutation_1|Specter Mutation
2118472667||skill_desc_mutation_1|Sign costs are reduced by $S$%.<br>Sign Intensity is increased by $S$%.<br>Melee damage is reduced by $S$%.
2118472668||skill_name_mutation_2|Elemental Mutation
2118472669||skill_desc_mutation_2|You no longer regenerate Vigor except when meditating.<br>Hitting enemies with melee attacks restores Vigor based on your normal regeneration rate.<br>Fast Attack: $S$ seconds worth of regeneration<br>Strong Attack: $S$ seconds worth of regeneration<br>Whirl: $S$ second worth of regeneration<br>Rend: $S$-$S$ seconds worth of regeneration
2118472670||skill_name_mutation_3|Necrophage Mutation
2118472671||skill_desc_mutation_3|Adrenaline gain is increased by 50%.<br>Adrenaline no longer degenerates.<br>Being hit will remove Adrenaline instead of adding it.
2118472672||skill_name_mutation_4|Draconid Mutation
2118472673||skill_desc_mutation_4|You no longer suffer any penalties to speed or damage from low Stamina.<br>When taking damage you lose $S$ Stamina per percentage point of Vitality lost.<br>You take up to $S$% additional damage based on your missing Stamina.
2118472674||skill_name_mutation_5|Insectoid Mutation
2118472675||skill_desc_mutation_5|Your toxicity level no longer drains except when meditating.<br>Spending Stamina and gaining Adrenaline will remove Toxicity based on your normal drain rate.<br>Per point of Stamina spent: $S$ seconds worth of drain<br>Per point of Adrenaline gained: $S$ seconds worth of drain
2118472676||skill_name_mutation_6|Relict Mutation
2118472677||skill_desc_mutation_6|You deal $S$% more Poise damage with ranged attacks against attacking or incapacitated targets.<br>You deal up to $S$% more damage with ranged attacks based on the target's missing Poise.<br>Your Defense Efficiency is reduced by $S$%.
2118472678||skill_name_mutation_7|Cursed Mutation
2118472679||skill_desc_mutation_7|You no longer regenerate Vitality except when meditating.<br>Damaging enemies that have recently damaged you will restore some of your lost Vitality based on the damage you dealt. Bonuses to Vitality Regeneration will increase the window you have to strike back.
2118472680||skill_name_mutation_8|Ogroid Mutation
2118472681||skill_desc_mutation_8|Stamina costs of defensive actions are paid with Poise.<br>You always avoid hit reaction when your Poise percentage is higher than the percent of Vitality lost.<br>You can be poisebroken by unblocked attacks.
2118472682||skill_name_mutation_9|Vampire Mutation
2118472683||skill_desc_mutation_9|Melee damage is increased by $S$%.<br>Poise costs are reduced by $S$%.<br>Stamina costs of actions are reduced by $S$%.<br>Sign costs are increased by $S$%.
2118472684||skill_name_mutation_10|Hybrid Mutation
2118472685||skill_desc_mutation_10|You can fully dodge attacks you are not normally able to, but when you do you incur additional Stamina and Poise costs.<br>Stamina regen delays after dodges are doubled.<br>You can no longer dodge while Overexerted.
2118472686||skill_name_mutation_11|Latent Activation
2118472687||skill_desc_mutation_11|Potions and Decoctions are no longer consumed when used.<br>White Honey no longer affects you.
2118472688||skill_name_mutation_12|Metamorphosis
2118472689||skill_desc_mutation_12|Gain the effects of all researched mutations.
2118472690||Redux_MutationBaseMutagen|Current base mutagen: 
2118472691||Redux_MutationNoneMutagen|None
2118472692||Redux_MutationMultMutagen|Colored mutagen costs increased by 
2118472693||Redux_Acclimation1|$I$ mutagen slots unlocked.
2118472694||Redux_Acclimation2|$I$ mutagen slots unlocked.<br>Reduces the mutagen cost of Mutations by $I$%.
2118472695||Redux_LootDestinationHorse|Horse
2118472696||Redux_LootDestinationStash|Stash
2118472697|06ae2506||Researched mutations to unlock: $I$
2118472698|a344d8bd||Researched mutations for next stage: $I$
2118472699|fb1e2184||+$S$% Mutation XP per stage.<br>+$S$% Trial of the Grasses XP per stage.<br>If <font color="#CD7D03">"Turn and Face the Strange"</font> is completed:<br>Blue - increases Vigor regeneration by 25%<br>Green - increases Toxicity drain by 50%<br>Red - increases Vitality regeneration by 20<br>Orange - increases Stamina regeneration by 20%
   1075445|00000000||To throw a bomb, press <<ThrowItem>><br><br>You can also aim prior to throwing to increase your accuracy. To do this, hold <<ThrowItem>> and aim. Then release <<ThrowItem>> to throw the bomb.<br><br>Bombs have a 5 second fuse time before they detonate. This delay can be influenced by severeal means.<br><br>First, the fuse will be automatically shortened while you are manually aiming a bomb. A bomb is fully "primed" after 5 real-time seconds and will explode on impact, indicated by the held bomb beginning to spark. Bombs will not detonate prematurely.<br><br>Second, if Igni is your currently selected sign and a bomb has more than 1 second fuse time remaining, you will automatically spend 0.5 Vigor to cause it to detonate on impact.<br><br>Third, bombs will immediately explode if exposed to any of the following:<br>- Igni<br>- Aard<br>- Explosive bolts<br>- Fire damage from other bomb explosions<br>- A target with the Burning status condition.
   1077685|00000000||To destroy a monster nest, strike it with the <font color="#CD7D03">Igni</font> sign.<br><br>You can also use a <font color="#CD7D03">Grapeshot</font>, <font color="#CD7D03">Samum</font> or <font color="#CD7D03">Dancing Star</font> bomb.
   1087258|00000000||You can remove upgrades and runestones from your items here.
   1087262|00000000||Once you select an item, you will be shown which upgrades it is fitted with here.<br><br>Bear in mind, however, that once you confirm your selection, <font color="#CD7D03">all</font> of this item's upgrades will be removed.
   1087266|00000000||To remove upgrades, select an item and press <<GUI_Select>>
   1087270|00000000||To remove upgrades and runestones, select an item and press <<GUI_PC_Select>>
   1114581|00000000||You can get Temerian gear by helping Vernon Roche in eastern Novigraad.
   1114589|00000000||You can get Nilfgaardian gear by working with Nilfgaardians throughout Velen. It can also be purchased from quartermaster Eggebracht at the Nilfgaardian army camp.
   1114595|00000000||New Game+ is not supported in Enhanced Edition Redux.
   1114607|00000000||You can get Skellige gear by helping Yoana at Crow's Perch.
   1131841|00000000||Acquire crowns for the Ofieri runewright.
   1136504|00000000||Give crowns to the Ofieri runewright.
   1206642|00000000||<font color="#CD7D03">Mutations</font> are a further way to personalize your experience on the Path and customize your particular playstyle. They significantly alter core gameplay mechanics and player resources, offering both powerful advantages and debilitating drawbacks.<br><br>Mutations can be unlocked in <b>any</b> order you wish. 
   1206644|00000000||Developing a mutation requires a sizeable investment of <font color="#CD7D03">greater colored mutagens</font>, though there are several means of reducing their cost. When researching a red, blue, or green mutation you can provide a <font color="#CD7D03">base</font> mutagen that matches that mutation family. Any monster mutagen will suffice, but sourcing a higher tier archmutagen will provide further savings. This base mutagen is <b>not</b> consumed during research.<br><br>The cost of a mutation is also reduced by <font color="#CD7D03">10%</font> for each connected mutation already researched.<br><br>Finally the <font color="#CD7D03">Acclimation skill</font> will also reduce research costs.
   1206650|00000000||Mutant Mastery
   1206651|00000000||<font color="#CD7D03">Mutant Mastery</font> is a <b>passive ability</b> that develops automatically as you finish research on mutations.<br><br>This mutation has several stages, each boosting your experience gain in the <font color="#CD7D03">Mutations</font> and <font color="#CD7D03">Trials of the Grasses</font> skill trees. There are 4 total stages unlocked at two, four, eight, and twelve researched mutations.<br><br>Additionally, if you manage to gain access to an advanced laboratory dealing with Witcher mutations, this ability will gain further bonuses based on the color of your equipped mutation.<br><br>Blue: +25% Vigor Regeneration<br>Green: +50% Toxicity Drain<br>Red: +20 Vitality Regeneration<br>Orange: +20% Stamina Regeneration
   1206729|00000000||In Enhanced Edition Redux, mutations are available from the start of the game.<br><br>Mutations significantly alter core game mechanics and player resources, offering both powerful advantages and debilitating drawbacks.<br><br>To learn more, open the <font color="#CD7D03">Character Panel</font>.
   1206763|00000000||Mutation Research
   1206764|00000000||Once again, any mutation can be researched first regardless of its position. For tutorial purposes, select one of the highlighted mutations.
   1206765|00000000||Mutation Research
   1206766|00000000||Once a mutation is researched, it will reduce the resarch cost of all connected mutations by 10%. The <font color="#CD7D03">Acclimation</font> skill will also reduce the required number. 
   1206771|00000000||Mutant Mastery
   1206772|00000000||<font color="#CD7D03">Mutant Mastery</font> is a passive ability that improves automatically as you develop other mutations. It will also gain additional benefits when you gain access to an advanced laboratory during <font color="#CD7D03">Turn and Face the Strange</font>.
   1206779|00000000||Mutant Mastery
   1206780|00000000||Congratulations!<br>Your <font color="#CD7D03">Mutant Mastery</font> has advanced to the next level!
   1206785|00000000||Mutation Research
   1207952|00000000||Mutations require <font color="#CD7D03">greater colored mutagens</font>. Red, blue, and green mutations can be made cheaper by possessing a monster mutagen or archmutagen of the correct family to use as a <font color="#CD7D03">base</font>. Return here with enough mutagens to unlock a mutation.
   1214082|00000000||To use mutations, first you must research them. In Enhanced Edition Redux, mutations can be researched in <font color="#CD7D03">any order</font>. However, to advance this tutorial, select one of the highlighted mutations.
   1214084|00000000||Mutations require <font color="#CD7D03">greater colored mutagens</font>. Red, blue, and green mutations can be made cheaper by possessing a monster mutagen or archmutagen of the correct family to use as a <font color="#CD7D03">base</font>. This base mutagen is not consumed. 
   1225007|00000000||You can get the Thousand Flowers set by helping elves throughout Velen and Novigraad. It can also be purchased at the Scoia'tael camp southwest of Novigraad.
   1225008|00000000||You can get the White Tiger of the West set by scavenging the shipwreck Spoils of War throughout the Skellige Isles.
   1225013|00000000||You can get the White Tiger of the West set by scavenging the shipwreck Spoils of War throughout the Skellige Isles.
