;meta[language=ru]
; id      |key(hex)|key(str)| text
1049912|c32e766a||Доп. урон при крит. ударе
2116942887|1d79d063||Сопротив. эфирному урону
174122|9ca6529f||Урон
1083714|28838f82||Бронебойность
1083755|fc2c4616||Вероятность кровотечения
1083759|27ee5c6a||Вероятность отравления
1083760|44d541d2||Вероятность оглушения
2116943087|871c3b6a||Вероятность обморожения
1083761|bea9630b||Вероятность выбить из стойки
2116942737||attribute_name_injury_chance|Вероятность увечья
2116942946||attribute_name_oil_poison_tooltip|Вероятность отравления
2116942945||attribute_name_oil_bleed_tooltip|Вероятность кровотечения
2116942746||attribute_name_poise_damage|Урон стойкости
2116943365||attribute_name_damage_from_behind_off|Тыловой урон
2116943366||attribute_name_damage_from_behind_def|Снижение тылового урона
1066172||6b233c39|Снаряжение укреплено.
2116942738||attribute_name_parry_stamina_cost_bonus|Оборон. бережливость
2116942739||attribute_name_attack_stamina_cost_bonus|Наступатель. бережливость
2116943368||attribute_name_movement_stamina_efficiency|Двигательная бережливость
2116942982||attribute_name_armor_stamina_efficiency|Бережливость выносливости
2116942983||attribute_name_armor_regen_penalty|Восстановление выносливости
2116942049|e2e48f8a||Обострённые чувства
2116942981|0083ce69||Подрывник
2119067196||attribute_name_active_toxicity_drain|Снижение текущей токсичности
2119067197||attribute_name_dormant_toxicity_drain|Снижение расчётной токсичности
2116942157||W3EE_ToxActiveDegenMult|Токсичность - Скорость убывания текущей токсичности
2116942158||W3EE_ToxDormantDegenMult|Токсичность - Скорость убывания расчётной токсичности
2116942948||attribute_name_oil_frost_damage|Морозный урон
2116943214||item_desc_chilling_bolt|Наносит морозный урон и обмораживает цель. 
2116943331||attribute_name_damage_negation_defense|Снижение сквозного урона
2119067183|363f99af||Квен защищает от сквозного урона. 
2116942742||attribute_name_damage_through_blocks|Сквозной урон
2116942768||attribute_name_graze_damage_reduction|Сопротивляемость касательному урону
2116942119||W3EE_ParryHeavyAttackStagger|Блок - Устойчивость к тяжелым ударам
2116942203||W3EE_DPLongStagger|Смертельная точность - Вероятность длительной потери устойчивости
2116942204||W3EE_DPStagger|Смертельная точность - Вероятность потери устойчивости
2116942324||W3EE_StrTrainingSkill|Тяжелые удары становятся на $I$% быстрее и выбивают врагов из стойки на $I$% чаще. 
2116942607||W3EE_CripplingShot2|Дальний бой на $I$% чаще вызывает кровотечение.<br>Дальнобойный критический урон с вероятностью $I$% выбивает противника из стойки.
2116942850|c5548b42||Узы
2116942848||W3EE_AxiiLink|Аксий может одурманить до $I$ врагов. Первичная вероятность успеха при этом снижается на $I$% за каждого врага.<br>Такие враги связываются узами, и когда вы наносите одному из них урон, с вероятностью $I$% этот урон получат и остальные; а когда выбиваете из стойки или сваливаете с ног, это состояние передастся с вероятностью $I$%.
2116943113||W3EE_AardSkill|Телекинетический удар, который наносит врагам урон и выбивает их из стойки.<br><br>Урон Силой: $I$<br>Урон стойкости: $I$%<br>Вероятность оглушения: $I$%
2116943714||GothicDescription|Блокирование неблокируемых ударов теперь пропускает гораздо меньше урона и не выбивает из стойки.
2116943727||GothicDescription2|Стойкость возрастает на 30 ед. Всё, что раньше валило с ног, теперь выбивает из стойки. 
2119067031|00000000||Зажмите <<LockAndGuard>>, чтобы заблокировать удар.<br><br>Блок тратит выносливость, и если она закончится, блок начнёт пропускать часть урона (такой урон называется "сквозным").<br><br>Некоторые удары невозможно блокировать, они всегда выбивают вас из стойки. 
2119067057|6d1ad449||С изувеченной рукой невозможно контратаковать, а с изувеченной ногой вы начнёте спотыкаться. Увечья можно снять, восстановив здоровье до конца.
2116942322||W3EE_RendSkill|Чем больше замах, тем выше вероятность критического урона (до $I$%), бронебойность (до $I$%) и урон (до $I$%).  
2116942327||W3EE_AnKnowlSkill|В дальнем бою бронебойность возрастает на $I$%, вероятность критического урона на $I$%.
2116942328|57ebe535||Бронебойность тяжелых ударов возрастает на $I$%, а их критический урон на $I$%.
2118472000||skill_desc_sword_s1|Во время вихря вы тратите на $I$% меньше выносливости, получаете на $I$% меньше ближнебойного урона и становитесь на $I$% устойчивее.
2118472001||skill_desc_sword_s3|Оборонительная бережливость повышается на $I$%.<br>Точные блоки и контратаки пропускают на $I$% меньше урона.<br>Вы на $I$% устойчивее при блокировании ударов некрупных противников.
2118472002||skill_desc_sword_s5|Легкие удары увечат на $I$% чаще.<br>Каждый лёгкий удар замедляет противника на $F$%.<br>Итоговое замедление не превышает $F$% и пропадает спустя $I$ сек. неполучения урона.
2118472003||skill_name_sword_s6|Рассечение
2118472004||skill_desc_sword_s6|Тяжелые удары сбивают врагу на $I$% больше стойкости.<br>$I$% их урона проходит через блок.
2118472005||skill_desc_sword_s10|Вы получаете увечья на $F$% реже.<br>Вы теряете на $F$% меньше стойкости при получении тылового урона.<br>Точные и обычные отражения стрел тратят на $F$% меньше выносливости и стойкости.
2118472006||skill_name_sword_s9|Работа ногами
2118472007||skill_desc_sword_s9|Двигательная бережливость возрастает на $I$%.<br>Касательный урон снижается на $I$%.<br>Вы на $I$% устойчивее во время уклонения.
2118472008||skill_name_sword_s13|Меткий выстрел
2118472009||skill_desc_sword_s13|Дальнобойный урон повышается на $I$%.<br>Во время прицеливания время замедляется на $I$%.
2118472010||skill_desc_sword_s16|Устойчивость возрастает на $I$%.<br>Нехватка выносливости на $I$% меньше снижает скорость.<br>Нехватка энергии на $I$% меньше ослабляет знаки.
2118472011||skill_desc_magic_s1|Другая форма Знака:<br>Аард бьёт кругóм, но с меньшим уроном и силой удара.<br>Ослабление урона смягчается до $I$%.<br>Ослабление силы удара смягчается до $I$%.
2118472012||skill_desc_magic_s2|Другая форма Знака:<br>Испускает поток огня, наносящий $F$ ед. урона и замедляющий врага на $F$%.<br>Подожженным врагам наносит $I$% урона.<br>Требует на $I$% меньше энергии.
2118472013||skill_desc_magic_s3|Другая форма Знака:<br>Cторожевой глиф, который отгоняет всякого, кто вздумает напасть на вас.<br>Наносит $I$ ед. урона и может прерывать вражеские удары (вероятность зависит от уровня этого навыка и от стойкости врага). Отдельного врага бьет раз в $F$ сек.<br>Сбивает стрелы.
2118472014||skill_desc_magic_s4|Другая форма Знака:<br>Вокруг вас создается защитное поле. Его поддержание и блокирование им ударов истощает энергию.<br>Урон, принятый полем, восполняет выносливость.<br>Поглощение урона тратит на $I$% меньше энергии и восполняет на $I$% больше выносливости.
2118472015||skill_desc_magic_s5|Другая форма Знака:<br>Противник на $I$ сек. становится союзником.<br>Первичная вероятность успеха - $I$%, снижается на $I$% за каждую вашу марионетку.<br>Противники, что атакуют или атакованы марионеткой, теряют $I$ ед. воинственности.<br>Марионетка может очнуться, если ее здоровье падет ниже $I$%.
2118472016||skill_name_alchemy_s1|Растворяемость
2118472017||skill_desc_alchemy_s1|Перегонка даёт на $I$% больше эссенции.<br>Сила и длительность Нигредо повышаются на $I$%.
2118472018||skill_name_alchemy_s2|Очистка
2118472019||skill_desc_alchemy_s2|При употреблении нескольких зелий добавленная токсичность каждого снижается до $I$%.<br>Сила и длительность Альбедо повышаются на $I$%.
2118472020||skill_name_alchemy_s3|Свёртываемость
2118472021||skill_desc_alchemy_s3|Выпитые зелья (кроме Белого Мёда) восполняют $I$% здоровья.<br>Сила и длительность Рубедо повышаются на $I$%.
2118472022||skill_name_alchemy_s4|Насыщаемость
2118472023||skill_desc_alchemy_s4|Длительность зелий повышается на $I$%, их токсичность на $I$%.
2118472024||skill_desc_alchemy_s12|Действенность масел повышается на $I$% и по мере использования убывает на $I$% медленее.
2118472025||skill_name_alchemy_s5|Закрепляемость
2118472026||skill_desc_alchemy_s5|Масла служат на $I$% дольше и замедляют износ оружия не более, чем на $I$%.
2118472027||skill_name_alchemy_s6|Переливаемость
2118472028||skill_desc_alchemy_s6|За каждое очко кровотечения врага масло усиливается на $I$% и не тратится с вероятностью $I$%.
2118472029||skill_desc_alchemy_s9|Дальность метания бомбы повышается на $I$%.<br>Во время прицеливания время замедляется на $I$%.
2118472030||skill_name_alchemy_s18|Сродство
2118472031||skill_desc_alchemy_s18|Отвары снижают урон от чудовищ своего семейства на $I$%.<br>Active Mutations reduce damage taken from monsters of that family by $I$%.<br>Researched Mutations reduce damage taken from monsters of that family by $I$%.
2118472032||skill_name_alchemy_s13|Охотничий инстинкт
2118472033||skill_desc_alchemy_s13|Архимутагены повышают урон по чудовищам своего семейства на $I$% за каждый уровень архимутагена.<br>Active Mutations increase damage dealt to monsters of that family by $I$%.<br>Researched Mutations increase damage dealt to monsters of that family by $I$%.
2118472034||skill_name_alchemy_s19|Acclimation
2118472035||skill_name_alchemy_s14|Выделяемость штаммов
2118472036||skill_desc_alchemy_s14|Длительность мутагенных отваров повышается на $I$%, а их токсичность снижается на $I$.<br>Алхимия с вероятностью в $I$% дополнительно приносит обыкновенные мутагены.
2118472037||skill_desc_alchemy_s16|В зависимости от токсичности вы становитесь до $I$% быстрее и накапливаете адреналина до $I$% больше.
2118472038||skill_desc_alchemy_s20|В зависимости от токсичности вы получаете до $I$% меньше урона и теряете до $I$% меньше стойкости.
2118472039||skill_name_alchemy_s15|Высокая переносимость
2118472040||skill_desc_alchemy_s15|Ослабляет симптомы Токсической Лихорадки на $I$%.<br>Снижает урон от переизбытка токсичности на $I$%.
2118472041||skill_name_alchemy_s17|Управляемый обмен веществ
2118472042||skill_desc_alchemy_s17|Токсичность убывает на $I$% быстрее и замедляет восстановление энергии на $I$% меньше.
2118472043||skill_name_perk_2|Всадник
2118472044||skill_desc_perk_2|Урон верхом увеличивается на $I$%.<br>Лошадь пугается на $I$% меньше.<br>Галоп тратит на $I$% меньше выносливости.
2118472045||skill_name_perk_4|Алхимические изыскания
2118472046||skill_desc_perk_4|Алхимическая добыча из растений и чудовищ повышается на $I$%.
2118472047||skill_desc_perk_5|За каждую надетую часть лёгкой брони:<br>+$I$ угол безопасного уклонения;<br>+$F$% накопляемости адреналина;<br>-$F$% вероятности получить увечье.
2118472048||skill_desc_perk_6|За каждую надетую часть средней брони:<br>+$I$% вторичных сопротивляемостей;<br>-$F$% задержки восстановления выносливости;<br>-$F$% задержки восстановления стойкости.
2118472049||skill_desc_perk_7|За каждую надетую часть тяжёлой брони:<br>+$F$ скорости восстановления выносливости;<br>+$F$ скорости восстановление стойкости;<br>при точных блоках и ударах плечом вероятность повалить противника возрастает на +$F$%.
2118472050||skill_desc_perk_10|В начале схватки вы получаете $I$ ед. адреналина.<br>Блоки теперь также прибавляют адреналина.
2118472051||skill_name_perk_11|Последняя милость
2118472052||skill_desc_perk_11|Каждое увечье врага повышает вероятность критического удара на $I$%, а критические удары, в свою очередь, повышают вероятность увечья в $F$ раза, а не в $F$.
2118472053||skill_name_perk_12|Алхимическая очистка
2118472054||skill_desc_perk_12|При изготовлении масел, зелий и бомб один из ингредиентов засчитывается как на $I$ уровень более качественный.
2118472055||skill_name_perk_13|Скороход
2118472056||skill_desc_perk_13|Скорость ненаступательных действий возрастает на $I$%.<br>Бег во время боя не тратит выносливость первые $I$ сек.
2118472057||skill_desc_perk_15|Снедь и напитки действуют на $I$% дольше.<br>Когда вы сыты и напоенны, здоровье возрастает на $I$ .
2118472058||skill_name_perk_16|Прыть
2118472059||skill_desc_perk_16|Тыловой урон возрастает на $I$%, а угол безопасного уклонения - на $I$.
2118472060||skill_name_perk_18|Ухажёр
2118472061||skill_desc_perk_18|Укрепленность снаряжения длится вдвое дольше.<br>Наборы для починки теперь укрепляют снаряжение и с вероятностью в $I$% сохраняются после использования.
2118472062||skill_name_perk_19|Ловчий
2118472063||skill_desc_perk_19|Вы наносите на $I$% больше урона чудовищу, на которое взяли заказ, и продаёте трофеи на $I$% дороже.
2118472064||skill_name_perk_21|Драчун
2118472065||skill_desc_perk_21|Рукопашный урон увеличивается на показатель брони руковиц и в бою с чудовищами не занижается.<br>Стойкость повышается на $I$.
2118472066||skill_desc_perk_22|Ваша грузоподъемность возрастает на $I$.<br>Штрафы вашей брони смягчаются на $I$%.
2118472067||skill_desc_sword_s18|Когда здоровье падает ниже $F$%, каждая ед. адреналина ускоряет восстановление здоровья на $F$ и снижает получаемый урон на $F$.
2118472068||panel_character_tooltip_mutagen_locked_desc|Для открытия этой ячейки требуется очков Мутации
2118472069||attribute_name_toxicity_drain|Вывод токсинов
2118472070||attribute_name_oil_silver_tooltip|Урон сверхъестественным чудовищам
2118472071||attribute_name_oil_frost_damage_tooltip|Морозный урон
2118472072||attribute_name_oil_frost_damage_tooltip2|Вероятность обморожения
2118472073||attribute_name_oil_poison_tooltip2|Ядовитый урон
2118472074||attribute_name_oil_falka_injury_chance_tooltip|Вероятность увечья
2118472075||attribute_name_oil_falka_injury_chance_tooltip2|Вероятность выбить из стойки
2118472076||item_desc_ethereal_oil|Двимерит в составе Завесного масла на $S$ сек. лишает противника магических и сверъхестественных способностей.
2118472077||item_desc_falka_oil|Когда-то сие масло служило подспорьем в Фалькиных зверствах, и лишь полезность его на Пути затмевает его безнравственность.
2118472078||item_desc_silver_oil|Если смазать Серебряницей стальной меч, его можно использовать против сверхъестественных чудищ. Толчёное серебро в составе этой смазки обжигает, на $S$ сек. приостанавливает им восстановление здоровья и каждую сек. наносит по $S$ ед. урона.
2118472079||item_desc_black_blood_1|Повышает сопротивляемость кровотечению. Когда вас ранят Вампиры или Трупоеды, у них отнимается здоровье и стойкость.
2118472080||item_desc_black_blood_2|Повышает сопротивляемость кровотечению. Когда вас ранят Вампиры или Трупоеды, у них отнимается здоровье и стойкость.
2118472081||item_desc_black_blood_3|Повышает сопротивляемость кровотечению. Когда вас ранят Вампиры или Трупоеды, у них отнимается здоровье и стойкость.<br><br>Доп. свойство отличного зелья: отравляет противника соразмерно обратному урону.
2118472082||item_desc_blizzard_1|Ускоряет накопляемость адреналина. Когда на вас нападают, на мгновение время замедляется.
2118472083||item_desc_blizzard_2|Ускоряет накопляемость адреналина. Когда на вас нападают, на мгновение время замедляется.
2118472084||item_desc_blizzard_3|Ускоряет накопляемость адреналина. Когда на вас нападают, на мгновение время замедляется.<br><br>Доп. свойство отличного зелья: чем выше адреналин, тем меньше замедляетесь вы сами.
2118472085||item_desc_cat_1|Повышает быстроту и бережливость подвижности, а также угол безопасного уклонения.
2118472086||item_desc_cat_2|Повышает быстроту и бережливость подвижности, а также угол безопасного уклонения.
2118472087||item_desc_cat_3|Повышает быстроту и бережливость подвижности, а также угол безопасного уклонения.<br><br>Доп. свойство отличного зелья: вас невозможно выбить из стойки во время уклонения.
2118472088||item_desc_full_moon_1|Увеличивает предел здоровья и сопротивляемость увечьям.
2118472089||item_desc_full_moon_2|Увеличивает предел здоровья и сопротивляемость увечьям.
2118472090||item_desc_full_moon_3|Увеличивает предел здоровья и сопротивляемость увечьям.<br><br>Доп. свойство отличного зелья: ночью вам разом не могут снять более 1/5 полного здоровья; в полнолуние - 1/6.
2118472091||item_desc_golden_oriole_1|Повышает сопротивляемость яду и ядовитому урону, отравления проходят быстрее.
2118472092||item_desc_golden_oriole_2|Повышает сопротивляемость яду и ядовитому урону, отравления проходят быстрее.
2118472093||item_desc_golden_oriole_3|Повышает сопротивляемость яду и ядовитому урону, отравления проходят быстрее.<br><br>Доп. свойство отличного зелья: мгновенно восстанавливает долю здоровья равную доле текущей токсичности.
2118472094||item_desc_tiara_1|Повышает стойкость и оборонительную бережливость. Блоки и контратаки пропускают меньше урона.
2118472095||item_desc_tiara_2|Повышает стойкость и оборонительную бережливость. Блоки и контратаки пропускают меньше урона.
2118472096||item_desc_tiara_3|Повышает стойкость и оборонительную бережливость. Блоки и контратаки пропускают меньше урона.<br><br>Доп. свойство отличного зелья: некрупные противники неспособны выбить вас из стойки во время блока.
2118472097||item_desc_maribor_forest_1|Ускоряет восстановление энергии.
2118472098||item_desc_maribor_forest_2|Ускоряет восстановление энергии.
2118472099||item_desc_maribor_forest_3|Ускоряет восстановление энергии.<br><br>Доп. свойство отличного зелья: при полной энергии токсичность убывает на 50% быстрее. 
2118472100||item_desc_petri_philtre_1|Усиливает знаки.
2118472101||item_desc_petri_philtre_2|Усиливает знаки.
2118472102||item_desc_petri_philtre_3|Усиливает знаки.<br><br>Доп. свойство отличного зелья: знаки всегда накладывают побочные воздействия.
2118472103||item_desc_swallow_1|Ускоряет восстановление здоровья. Действие зелья приостанавливается на 2 сек. при получении урона.
2118472104||item_desc_swallow_2|Ускоряет восстановление здоровья. Действие зелья приостанавливается на 2 сек. при получении урона.
2118472105||item_desc_swallow_3|Ускоряет восстановление здоровья. Действие зелья приостанавливается на 2 сек. при получении урона.<br><br>Доп. свойство отличного зелья: при полном здоровье время действия зелья не отсчитывается.
2118472106||item_desc_tawny_owl_1|Повышает восстановление выносливости и наступательную бережливость.
2118472107||item_desc_tawny_owl_2|Повышает восстановление выносливости и наступательную бережливость.
2118472108||item_desc_tawny_owl_3|Повышает восстановление выносливости и наступательную бережливость.<br><br>Доп. свойство отличного зелья: ночью время действия зелья не отсчитывается.
2118472109||item_desc_thunderbolt_1|Повышает бронебойность, урон стойкости и сквозной урон.
2118472110||item_desc_thunderbolt_2|Повышает бронебойность, урон стойкости и сквозной урон.
2118472111||item_desc_thunderbolt_3|Повышает бронебойность, урон стойкости и сквозной урон.<br><br>Доп. свойство отличного зелья: при критических ударах вас может обуять ярость: время замедлится, а вы ускоритесь.
2118472112||item_desc_white_honey_1|Понижает текущую и расчётную токсичности и снимает Токсическую Лихорадку, однако все принятые зелья прекращают действовать.
2118472113||item_desc_white_honey_2|Понижает текущую и расчётную токсичности и снимает Токсическую Лихорадку, однако все принятые зелья прекращают действовать.
2118472114||item_desc_white_honey_3|Понижает текущую и расчётную токсичности и снимает Токсическую Лихорадку, однако все принятые зелья прекращают действовать.<br><br>Доп. свойство отличного зелья: принятые зелья продолжают действовать ещё 10 сек.
2118472115||item_desc_white_raffards_decoction_1|Многократно ускоряет восстановление здоровья.
2118472116||item_desc_white_raffards_decoction_2|Многократно ускоряет восстановление здоровья.
2118472117||item_desc_white_raffards_decoction_3|Многократно ускоряет восстановление здоровья.<br><br>Доп. свойство отличного зелья: мгновенно восстанавливает 30% недостающего здоровья.
2118472118||skill_desc_lynx_set_ability1|За каждую надетую часть брони: вы наносите на $S$% больше тылового урона и увечий в течение $S$ сек. после уворота. Уклонения имеют на +$S$% большую бережливость и смягчение касательного урона в течение +$S$ сек. после удара.
2118472119||skill_desc_lynx_set_ability2|Каждое увечье противника снижает его скорость и урон на $S$%.
2118472120||skill_desc_gryphon_set_ability2|За каждую надетую часть брони: сопротивляемости врага Силе, огню, морозу, электричеству и внушению навсегда снижаются на величину, равную $S$% эфирного урона, который вы ему нанесли. Таким образом можно даже сломить невосприимчивость к какому-либо виду урону (но не к его побочному воздействию).
2118472121||skill_desc_gryphon_set_ability1|Внутри круга Ирден время замедляется на $S$% сильнее, энергия восстанавливается на $S$% быстрее и остальные знаки усиливаются на $S$%.
2118472122||skill_desc_bear_set_ability1|За каждую надетую часть брони: точные блоки сбивают противнику на $S$% больше стойкости. Вы восстанавливаете $S$ выносливости, когда сломили стойкость врага. Враги без стойкости получают на $S$% больше урона.
2118472123||skill_desc_bear_set_ability2|Каждая ед. вашей стойкости снижает на $S$% вражескую бронебойность и на $S$% сквозной урон, который вы пропускаете. За каждую недостающую ед. стойкости ваши удары ускоряются на $S$% и отнимают у врага больше стойкости на $S$%.
2118472124||skill_desc_wolf_set_ability1|За каждую надетую часть брони: каждое очко кровотечения врага приносит $S$ ед. адреналина; каждая ед. адреналина сверх $S$ восполняет $S$ ед. здоровья и $S$ ед. выносливости.
2118472125||skill_desc_wolf_set_ability2|Предел адреналина повышается до $S$. Каждое очко кровотечения противника снижает его сопротивляемости Силе и морозу на $S$%.
2118472126||skill_desc_red_wolf_set_ability1|За каждую надетую часть брони: +$S$% дальнобойного урона (включая бомбы) и +$S$% обычного урона за каждое пагубное воздействие на противнике.
2118472127||skill_desc_red_wolf_set_ability2|Что раньше зависело от процента токсичности, теперь зависит от количества её очков. +$S$% урона и +$S$ восстановления здоровья за каждое очко текущей токсичности.
2118472128||skill_desc_viper_set_ability1|За каждую надетую часть брони: каждое очко отравление врага на $S$% повышает вероятность критического удара. Аксий, если не дал осечку, накладывает на врага до $S$ очков отравления.
2118472129||skill_desc_viper_set_ability2|Можно наносить дополнительное масло. Вызванное этим ослабление масел смягчается на $S$%. Добавочная сила масел при критических ударах увеличивается на $S$% с каждым новым маслом.
2118472130||skill_desc_vampire_set_ability1|У врагов, наносящих вам ближнейбойный урон, может открыться кровотечение.
2118472131||skill_desc_vampire_set_ability2|Каждое очко кровотечения, которое имел убитый в ближнем бою враг, восполняет вам $S$ здоровья.
2118472132||skill_desc_vampire_set_ability3|Враги, наносящие вам ближнейбойный урон, могут оглушиться или стать вашей марионеткой.
2118472133||skill_desc_vampire_set_ability4|Аксий снимает противнику все очки кровотечения и восполняет вам $S$ здоровья за каждое.
2118472134||SwordDancingEffectDescr|Чередование легких и тяжёлых ударов повышает урон на $S$.
2118472135||SwordReachoftheDamnedEffectDescr|Врагам со здоровьем ниже $S$ вы наносите на $S$ ед. эфирного урона больше. Когда ваше собственное здоровье падает ниже $S$, вы наносите на $S$ ед. эфирного урона больше и накапливаете на $S$ больше адреналина. Оба эффекта могут проявляться одновременно.
2118472136||SwordRedTearEffectDescr|Когда ваше здоровье падает ниже $S$, вы наносите до $S$ больше урона.
2118472137||item_name_robustswordofdolblathanna|Глаэддив Блатанна
2118472138||item_name_red_wolf_school_crossbow|Арбалет школы Мантикоры
2118472139||item_desc_red_wolf_school_crossbow|Крепкий, удобный самострел.
2118472140||item_name_red_wolf_school_crossbow_schematic|Чертёж: арбалет школы Мантикоры
2118472141||panel_common_statistics_tooltip_silver_fast_dps|Урон
2118472142||panel_common_statistics_tooltip_silver_fast_crit_chance|Вероятность критического удара
2118472143||panel_common_statistics_tooltip_silver_fast_crit_dmg|Урон критического удара
2118472144||panel_common_statistics_tooltip_silver_strong_dps|Урон
2118472145||panel_common_statistics_tooltip_silver_strong_crit_chance|Вероятность критического удара
2118472146||panel_common_statistics_tooltip_silver_strong_crit_dmg|Урон критического удара
2118472147||panel_common_statistics_tooltip_steel_fast_dps|Урон
2118472148||panel_common_statistics_tooltip_steel_fast_crit_chance|Вероятность критического удара
2118472149||panel_common_statistics_tooltip_steel_fast_crit_dmg|Урон критического удара
2118472150||panel_common_statistics_tooltip_steel_strong_dps|Урон
2118472151||panel_common_statistics_tooltip_steel_strong_crit_chance|Вероятность критического удара
2118472152||panel_common_statistics_tooltip_steel_strong_crit_dmg|Урон критического удара
2118472153||W3EE_EffectResist|Вторичные сопротивляемости
2118472154||W3EE_StamCostArmMod|Затраты выносливости
2118472155||W3EE_StamRegArmMod|Восстановление выносливости
2118472156||W3EE_Efficiency|Бережливость
2118472157||W3EE_StamEffAtt|Наступательная
2118472158||W3EE_StamEffDef|Оборонительная
2118472159||W3EE_StamEffMov|Двигательная
2118472160||W3EE_AdrGen|Накопляемость
2118472161||W3EE_AdrGain|Множитель
2118472162||W3EE_AdrCount|Адреналина за контратаку
2118472163||W3EE_AdrAtt|Адреналина за удар
2118472164||W3EE_AdrKill|Адреналина за убийство
2118472165||W3EE_AdrHit|Адреналина при получении урона
2118472166||W3EE_DamBon|Прибавка к урону
2118472167||W3EE_AdrTimeSlow|Замедление времени
2118472168||W3EE_AdrSignBon|Сила знаков - Река гнева
2118472169||W3EE_Rates|Токсины
2118472170||W3EE_ToxGain|Накопление
2118472171||W3EE_ToxDrain|Выведение
2118472172||W3EE_ToxDelta|Разность
2118472173||W3EE_ToxSpeed|Прирост скорости - Ясность мысли
2118472174||W3EE_ToxAdr|Быстрее накапливается адреналин - Ясность мысли
2118472175||W3EE_ToxArm|Получаете меньше урона - Презрение к боли
2118472176||W3EE_ToxPoise|Тратите меньше устойчивости - Презрение к боли
2118472177||W3EE_FevVigRed|Медленнее восстанавливается энергия - Токсическая лихорадка
2118472178||W3EE_FevStamRed|Медленнее восстанавливается выносливость - Токсическая лихорадка
2118472179||W3EE_FevSpdRed|Снижение скорости - Токсическая лихорадка
2118472180||spell_power_igni|Сила Игни
2118472181||W3EE_VigRegenRedHP|Медленнее восстанавливается энергия - Здоровье
2118472182||W3EE_VigRegenRedTox|Медленнее восстанавливается энергия - Токсичность
2118472183||W3EE_VigRegenBonAdr|Быстрее восстанавливается энергия - Адреналин
2118472184||W3EE_PoiseStats|Затраты
2118472185||W3EE_KolRedux|Redux
2118472186||Kol_DispItemName|Отображать служебные названия предметов
2118472187||Kol_DropQuestItem|Выбрасывать предметы для заданий
2118472188||Kol_DelDropItem|Удалять выброшенные предметы
2118472189||Kol_HumanPoiseFinish|Запретить добивать врагов без стойкости
2118472190||Kol_StaminaRegen|Множитель восстановления выносливости
2118472191||Kol_StaminaCosts|Множитель затрат выносливости
2118472192||Kol_AggStam|Агрессивность - Выносливость
2118472193||Kol_AggBeh|Агрессивность - Поведение
2118472194||attribute_name_poise_cost_bonus|Бережливость стойкости
2118472195||primer_effect_descr1|ускоряет выведение токсинов на $I$%
2118472196||primer_effect_descr2|ускоряет восстановление здоровься на $I$
2118472197||primer_effect_descr3|повышает ваш урон на $I$%
2118472198||panel_title_roach|Плотва
2118472199||panel_title_stash|Тайник
2118472200||fhud_item_quant_in_stash|на Плотве
2118472201||w3ee_sort_stash|Переключиться на Плотву
2118472202|28cfaa13||Тайник
2118472203|e4718bad||Тайник
2118472204||Redux_WST|Ведьмачье чутьё - переключать при однократном нажатии
2118472205||attribute_name_indestructible|Прочность
2118472206||attribute_name_lifesteal|Жизнекрадство
2118472207||skill_name_magic_s17|Летаргия
2118472208||skill_desc_magic_s17|После Аксия враги замедляются, а их полные выносливость и стойкость падают на $I$% на $I$ сек. Чем выше полное здоровье врага, тем слабее это воздействие. 
2118472218||Redux_DisableSwordFx|Отключить спецэффекты на мечах
2118472219||redux_catSet_dodge|Бонус школы Кота: уклонения
2118472220||redux_catSet_attack|Бонус школы Кота: урон
2118472221|ae78a6af|fhud_stashItemQuantity|Отображать, сколько предметов несёт Плотва
2118472222||W3EE_StamRegenEffBon|Прибавка к восстановлению и бережливости выносливости
2118472223||W3EE_SpdRed|Снижение скорости
2118472224||Kol_DamageReductionStamina|Снижение урона, когда закончилась выносливость 
2118472225||Kol_NoStaminaNoModifiers|Отключать переключатели дальности, когда закончилась выносливость
2118472226||Redux_StashDebug|Отладчик тайника
2118472227||Redux_ToxMult|Токсичность - множитель
2118472228||SwordInjuryHealEffectDescr|Критические удары восполняют всю стойкость и исцеляют одно увечье.
2118472229||Redux_SetBonus1|Бонусы снаряжения - Условие для первого бонуса
2118472230||Redux_SetBonus2|Бонусы снаряжения - Условие для второго бонуса
2118472231||W3EE_ReduxDynam|Динамичная
2118472232||W3EE_ReduxStrat|Стратегическая
2118472233||skill_desc_temerian_set_ability1|Чем выше броня противника, тем больше урона (до $S$%) наносят критические удары. Если вы не нападаете дольше $S$ сек., ваш следующий удар будет иметь на $S$% больше бронебойности и вероятности стать критическим.
2118472234||skill_desc_nilfgaard_set_ability1|Контратаки затрачивают на $S$% меньше стойкости. При нападении на противника со стойкостью меньше вашей у вас восполняется до $S$ ед. выносливости.
2118472235||skill_desc_skellige_set_ability1|Враги, наносящие вам ближнейбойный урон, могут обморозиться. Когда вы сражаетесь двуручным оружием, вы наносите на $S$% больше урона и вас невозможно выбить из стойки.
2118472236||skill_desc_ofieri_set_ability1|Все вкраплённые глифы (включая глифы в составе рун) усиливаются. Глифы знаков: +$S$% силы знака; оздоровляющие глифы: +$S$ восстановления здоровья; освобождающие глифы: + $S$ восстановления выносливости; связующие глифы: + $S$% выведения токсинов; защитные глифы: +$S$ брони; 
2118472237||skill_desc_new_moon_set_ability1|Метательные ножи оглушают нападающих противников. Ночью вы становитесь быстрее на $S$%, а окошки уклонений - шире.
2118472238||starting_pants_improved|Улучшенные Каэр Морхенские штаны
2118472239||starting_boots_improved|Улучшенные Каэр Морхенские сапоги
2118472240||starting_gloves_improved|Улучшенные Каэр Морхенские перчатки
2118472241||starting_sword_steel_improved|Улучшенный Каэр Морхенский стальной меч
2118472242||starting_sword_silver_improved|Улучшенный Каэр Морхенский серебряный меч
2118472243||item_name_starting_pants_upgrade_schematic|Улучшенные Каэр Морхенские штаны
2118472244||item_name_starting_boots_upgrade_schematic|Улучшенные Каэр Морхенские сапоги
2118472245||item_name_starting_gloves_upgrade_schematic|Улучшенные Каэр Морхенские перчатки
2118472246||item_name_starting_sword_steel_upgrade_schematic|Улучшенный Каэр Морхенский стальной меч
2118472247||item_name_starting_sword_silver_upgrade_schematic|Улучшенный Каэр Морхенский серебряный меч
2118472248||W3EE_PyromaniacSkill|Огненный поток наносит на $I$ ед. урона больше, обычный Игни - на $I$, возгорание - на $I$.
2118472249||Redux_DAC|Отключить подсказки вблизи легендарных мечей
2118472250||redux_DeathCounter|Счётчик смертей
2118472251||GaunterMode|Режим "Гюнтер"
2118472252||Redux_GMEnabled|Включён
2118472253||Redux_GMSkillReq|Отнимается очков опыта
2118472254||Redux_GMSkillMod|Отягчающее количество потраченных очков опыта
2118472255||Redux_GMDeathLimit|Допустимое количество смертей
2118472256||Redux_GMVitality|Уменьшение предельного здоровья после смерти 
2118472257||Redux_GMStamina|Уменьшение предельной выносливости после смерти 
2118472258||Redux_GMToxicity|Уменьшение предельной токсичности после смерти 
2118472259||Redux_GMIntensity|Ослабление знаков после смерти
2118472260||Redux_GMXPModifier|Множитель получаемого опыта после смерти
2118472261||Redux_GMDurability|Износ снаряжения после смерти
2118472262||Redux_GMMark|Клеймо Гюнтера
2118472263||Redux_GMLethalMark|Клеймо Гюнтера - Только перед последней смертью
2118472264||Redux_GMQuestMod|Списывается смертей после выполнения задания 
2118472265||Redux_GMDeathMod|Начисляется смертей, когда умираете часто 
2118472266||attribute_name_attack_stamina_cost_bonus|Наступательная бережливость
2118472267||attribute_name_parry_stamina_cost_bonus|Оборонительная бережливость
2118472268||attribute_name_movement_stamina_efficiency|Двигательная бережливость
2118472269||W3EE_EvSpeed|Двигательная быстрота
2118472270||W3EE_EvSpeedH|Двигательная быстрота
2118472271||attribute_name_evade_speed|Двигательная быстрота
2118472272||item_name_glyph_reinforcement_lesser|Малый освобождающий глиф
2118472273||item_name_glyph_reinforcement|Освобождающий глиф
2118472274||item_name_glyph_reinforcement_greater|Большой освобождающий глиф
2118472275||panel_blacksmith_remove_improvement_confirmation|Удалить улучшения?
2118472276||attribute_name_oil_flammable_effect_tooltip2|Вероятность воспламенить
2118472277||attribute_name_oil_ethereal_damage_tooltip|Эфирный урон
2118472278||skill_desc_magic_s6|Аард сбивает на $I$% больше стойкости и оглушает на $I$% вероятнее.
2118472279||skill_desc_magic_s12|Аард дополнительно наносит $I$ ед. морозного урона и с вероятностью $I$% обмораживает врага на $I$ сек.<br>Для врагов с низкой выносливостью или стойкостью эта вероятность ещё выше.<br>Обмороженные враги скованы, медленнее восстанавливают выносливость и получают больше урона.
2118472281||skill_desc_magic_s13|Если Квен разом теряет больше $I$% прочности, он взрывается, нанося врагам $I$ ед. электрического урона и выбивая из стойки.<br>Квен возвращает $I$% урона.
2118472282||skill_desc_magic_s14|Квен замедляет восстановление энергии на $I$% меньше и каждую сек. восстанавливает $I$ ед. своей прочности.<br>Защитное поле каждую сек. восполняет вам $I$% стойкости.
2118472283||skill_desc_magic_s15|С Квеном вы на $I$% устойчивее и тратите на $I$% меньше стойкости.<br>Точный блок Квеном снижает получаемый урон на $I$%.
2118472284||skill_name_magic_s14|Обновляющийся щит
2118472285||W3EE_QuenSkill|Защитная оболочка, которая поглощает урон, предотвращает отравление и кровотечение, снижает затраты стойкости и повышает устойчивость.<br>Замедляет восстановление энергии на $I$%.<br>Квен, наложенный за мгновение до вражеского удара, отразит его.<br><br>Прочность: $I$<br>Длительность: $I$ сек.
2118472286||glyphword01_name|Разрушение I
2118472287||glyphword01_desc|Аард наносит до $I$ очков кровотечения.<br><br>Аард наносит на $I$ ед. урона больше.
2118472288||glyphword02_name|Разрушение II
2118472289||glyphword02_desc|Аард навсегда ослабляет вражеские броню и сопротивляемость Силе на $I$%.<br><br>Аард наносит на $I$ ед. урона больше.
2118472290||glyphword03_name|Разрушение III
2118472291||glyphword03_desc|Аард обмораживает на $I$% чаще.<br>Если Аард одновременно и заморозил, и сбил противника с ног, тот мгновенно погибает. Если только заморозил, замёрзший получает $I$ ед. урона.<br><br>Аард наносит на $I$ ед. урона больше.
2118472292||glyphword04_name|Ускорение I
2118472293||glyphword04_desc|Время замедляется на $I$% на $I$ сек. всякий раз, когда вы уклоняетесь или применяете Аард.<br><br>+$I$% двигательной быстроты.
2118472294||glyphword05_name|Ускорение II
2118472295||glyphword05_desc|Если разбежаться перед использованием Аарда, то за каждую сек. разбега он усилится на $I$%. Прибавки к двигательной быстроте также усиливают Аард.<br><br>+$I$% двигательной быстроты.
2118472296||glyphword06_name|Ускорение III
2118472297||glyphword06_desc|Вы не замедляетесь при уклонениях и ударах Аардом.<br><br>+$I$% двигательной быстроты.
2118472298||glyphword07_name|Испепеление I
2118472299||glyphword07_desc|Этот доспех невосприимчив к пламени. Когда ваш адреналин превышает $I$ ед., доспех окутывается огнём и воспламеняет всякого, кто нападет на вас в ближнем бою.<br><br>+$I$% накопления адреналина.
2118472300||glyphword08_name|Испепеление II
2118472301||glyphword08_desc|Вы испускаете волну пламени, когда: сломлена ваша стойкость; разом потеряли $I$% здоровья; выполнили точный блок при полной стойкости.<br><br>+$I$% накопления адреналина.
2118472302||glyphword09_name|Испепеление III
2118472303||glyphword09_desc|Вы непрерывно обжигаете врагов вокруг, нанося до $I$ ед. огненного урона за каждую ед. адреналина.<br><br>+$I$% накопления адреналина.
2118472304||glyphword10_name|Очищение I
2118472305||glyphword10_desc|Поджигая врагов (или обжигая их знаком Игни), вы снижаете их воинственность. Возгорания больше не повышают сопротивляемость к последующим возгораниям.<br><br>Игни наносит на $I$ больше урона.
2118472306||glyphword11_name|Очищение II
2118472307||glyphword11_desc|Горящие, а также погибшие от Игни враги после смерти взрываются, нанося другим врагам вокруг $I$ ед. огненного урона.<br><br>Игни наносит на $I$ больше урона.
2118472308||glyphword12_name|Очищение III
2118472309||glyphword12_desc|Поджигая врагов, вы восстанавливаете $F$ энергии, а убивая их знаком Игни (или пока они горят) -  $F$ энергии.<br><br>Игни наносит на $I$ больше урона.
2118472310||glyphword13_name|Впитывание I
2118472311||glyphword13_desc|Враги, погибшие внутри круга Ирден, восполняют ваши здоровье и энергию соразмерно своему полному здоровью.<br><br>+$I$% жизнекрадства.
2118472312||glyphword14_name|Впитывание II
2118472313||glyphword14_desc|Когда внутри круга Ирден враги тратят свою выносливость, ваша восполняется.<br><br>+$I$% жизнекрадства.
2118472314||glyphword15_name|Впитывание III.
2118472315||glyphword15_desc|Ваши здоровье и энергия восполняются соразмерно урону, который враги получили внутри круга Ирден (или от Сторожевого глифа).<br><br>+$I$% жизнекрадства.
2118472316||glyphword16_name|Истощение I
2118472317||glyphword16_desc|Каждую секунду Ирден лишает врагов $I$% от полной выносливости, а Сторожевой глиф - $I$% каждым ударом.<br><br>Сторожевой глиф накладывает $I$ очко отравления.
2118472318||glyphword17_name|Истощение II
2118472319||glyphword17_desc|Каждую секунду Ирден лишает врагов $F$% от полного здоровья, а Сторожевой глиф - $I$% каждым ударом.<br><br>Сторожевой глиф накладывает $I$ очка отравления.
2118472320||glyphword18_name|Истощение III
2118472321||glyphword18_desc|Каждую секунду Ирден замедляет врагов на $F$%. Замедление сбрасывается, если они покинут круг или если вы переналожите знак. Сторожевой глиф теперь ослабляет вражеский урон в два раза больше.<br><br>Сторожевой глиф накладывает $I$ очка отравления.
2118472322||glyphword19_name|Возмездие I
2118472323||glyphword19_desc|Урон "Взрывного щита" возрастает на $I$ ед..<br>Квен возвращает на $I$% больше урона.
2118472324||glyphword20_name|Возмездие II
2118472325||glyphword20_desc|Квен электризует врагов, которые наносят ему урон.<br><br>Квен возвращает на $I$% больше урона.
2118472326||glyphword21_name|Возмездие III
2118472327||glyphword21_desc|Точный блок Квеном испускает в сторону нападающего разряд энергии, который электризует врагов и наносит им $I$ ед. урона.<br><br>Квен возвращает на $I$% больше урона.
2118472328||glyphword22_name|Твердыня I
2118472329||glyphword22_desc|Квен получает на $I$% меньше урона.<br><br>+$I$% силы Квена.
2118472330||glyphword23_name|Твердыня II
2118472331||glyphword23_desc|Под "Защитным полем" ваши здоровье и выносливость восстанавливаются на $I$% быстрее.<br><br>+$I$% силы Квена.
2118472332||glyphword24_name|Твердыня III
2118472333||glyphword24_desc|Квен замедляет восстановление энергии на $I$% меньше.<br><br>+$I$% силы Квена.
2118472334||glyphword25_name|Сопряжённость I
2118472335||glyphword25_desc|Пагубные воздействия могут передаваться по "Узам" Аксия.<br><br>+$I$% силы Аксия.
2118472336||glyphword26_name|Сопряжённость II
2118472337||glyphword26_desc|Часть урона, который вы наносите отдельному противнику, передаётся по "Узам" Аксия.<br><br>+$I$% силы Аксия.
2118472338||glyphword27_name|Сопряжённость III
2118472339||glyphword27_desc|Часть вашего урона принимают на себя марионетки или враги, связанные "Узами" Аксия.<br><br>+$I$% Силы Аксия.
2118472340||glyphword28_name|Одержимость I
2118472341||glyphword28_desc|Враг получает $I$ ед. эфирного урона, когда перестает быть марионеткой.<br><br>Марионетки наносят на $I$% больше урона.
2118472342||glyphword29_name|Одержимость II
2118472343||glyphword29_desc|Пока вы накладываете Аксий, враг на $I$% хуже сопротивляется внушению.<br><br>Марионетки наносят на $I$% больше урона.
2118472344||glyphword30_name|Одержимость III
2118472345||glyphword30_desc|Марионетки служат вечно и неуязвимы для вас. Обратить их можно обычным Аксием.<br><br>Марионетки наносят на $I$% больше урона.
2118472346||glyphword31_name|Защита I
2118472347||glyphword31_desc|Укрепление доспехов повышает броню на $I$ ед..<br><br>+$I$ устойчивости.
2118472348||glyphword32_name|Защита II
2118472349||glyphword32_desc|Броня больше не изнашивается.<br><br>+$I$ устойчивости.
2118472350||glyphword33_name|Защита III
2118472351||glyphword33_desc|Доспех спасает вас от смертельного урона и теряет часть прочности.<br><br>+$I$ устойчивости.
2118472352||glyphword34_name|Непробиваемость I
2118472353||glyphword34_desc|Ваш доспех неуязвим для стрел.<br><br>+$I$ ед. брони.
2118472354||glyphword35_name|Непробиваемость II
2118472355||glyphword35_desc|Доспех целиком отражает урон одного удара, после чего наступает перезарядка (длительность зависит от величины урона).<br><br>+$I$ ед. брони.
2118472356||glyphword36_name|Непробиваемость III
2118472357||glyphword36_desc|Ваш доспех неуязвим для любых снарядов.<br><br>+$I$ ед. брони.
2118472358||glyphword37_name|Восстановление I
2118472359||glyphword37_desc|Когда ваши выносливость или энергия полны, то прибавки к ним восполняют здоровье.<br><br>+$I$ к скорости восстановления здоровья.
2118472360||glyphword38_name|Восстановление II
2118472361||glyphword38_desc|Чем ниже здоровье, тем быстрее (до $I$%) оно восстанавливается. Энергия и выносливость восстанавливают здоровье двукратно, когда вы неподвижны. <br><br>+$I$ к скорости восстановления здоровья.
2118472362||glyphword39_name|Восстановление III
2118472363||glyphword39_desc|В течение $I$ сек. вы восстанавливаете половину последнего полученного урона.<br><br>+$I$ к скорости восстановления здоровья.
2118472364||glyphword40_name|Безупречность I
2118472365||glyphword40_desc|Высокое здоровье не замедляет накопляемость адреналина.<br><br>+$I$ ед. здоровья.
2118472366||glyphword41_name|Безупречность II
2118472367||glyphword41_desc|При полном здоровье $I$% от скорости его восстановления прибавляется к скоростям восстановления выносливости и энергии.<br><br>+$I$ ед. здоровья.
2118472368||glyphword42_name|Безупречность III
2118472369||glyphword42_desc|Вы получаете очки усиления, когда убиваете врагов при полном здоровье (+$I$% урона и +$I$ брони за каждое), и теряете $I$ очк., когда получаете урон.<br>Максимум очков: $I$<br><br>+$I$ ед. здоровья.
2118472370||glyphword43_name|Выдержка I
2118472371||glyphword43_desc|Грузоподъемность повышается на $I$. Чем сильнее вы нагружены, тем выше ваша броня (до $I$ ед.) и тем больше (до $I$%) ваша устойчивость.<br><br>+$I$% вторичных сопротивляемостей.
2118472372||glyphword44_name|Выдержка II
2118472373||glyphword44_desc|Будучи "отдохнувшим", вы быстрее восстанавливаете энергию (на $I$%), "сытым" - выносливость (на $I$), "напоенным" - быстрее выводите токсины (на $I$%).<br><br>+$I$% вторичных сопротивляемостей.
2118472374||glyphword45_name|Выдержка III
2118472375||glyphword45_desc|При получении смертельного урона у вас тратится $I$ очко энергии и остается $I$ ед. здоровья. Штрафы низкого здоровья смягчаются на $I$%.<br><br>+$I$% вторичных сопротивляемостей.
2118472376||glyphword46_name|Усвоение I
2118472377||glyphword46_desc|Токсины выводятся, только пока накапливаются (или во время медитации). Штрафы высокой токсичности смягачаются на $I$%.<br><br>+$I$% длительности зелий.
2118472378||glyphword47_name|Усвоение II
2118472379||glyphword47_desc|Отвары из красных мутагенов ускоряют восстановление здоровья (на $I$); из зелёных - восстановление выносливости (на $I$); из синих - восстановление энергии (на $I$%).<br><br>+$I$% длительности зелий.
2118472380||glyphword48_name|Усвоение III
2118472381||glyphword48_desc|Каждый источник токсинов ускоряет их выведение и усиливает мутагены на $I$%.<br><br>+$I$% длительности зелий.
2118472382||glyphword49_name|Лёгкость I
2118472383||glyphword49_desc|Грузоподъемность повышается на $I$. Чем меньше вы нагружены, тем вы быстрее (до $I$%).<br><br>Штрафы брони смягчаются на $I$%.
2118472384||glyphword50_name|Лёгкость II
2118472385||glyphword50_desc|В зависимости от адреналина нехватка выносливости снижает скорость до $I$% меньше.<br><br>Штрафы брони смягчаются на $I$%.
2118472386||glyphword51_name|Лёгкость III
2118472387||glyphword51_desc|Адреналин теперь замедляет время и при высоком здоровье тоже.<br><br>Штрафы брони смягчаются на $I$%.
2118472388||glyphword52_name|Бережливость I
2118472389||glyphword52_desc|Если у вас кончилась выносливость, вы тратите $I$ очко энергии и взамен получаете $I$ ед. выносливости.<br><br>+$I$% бережливости выносливости.
2118472390||glyphword53_name|Бережливость II
2118472391||glyphword53_desc|Энергия и стойкость восстанавливаются на $I$% быстрее, когда вы неподвижны.<br><br>+$I$% бережливости выносливости.
2118472392||glyphword54_name|Бережливость III
2118472393||glyphword54_desc|Чем выше стойкость, тем меньше вы тратите выносливости (до $I$%); чем ниже выносливость, тем меньше вы тратите стойкости (до $I$%).<br><br>+$I$% бережливости выносливости.
2118472394||runeword01_name|Обледенение I
2118472395||runeword01_desc|Точный блок обмораживает противника.<br><br>+$I$% оборонительной бережливости.
2118472396||runeword02_name|Обледенение II
2118472397||runeword02_desc|Блоки и контратаки не пропускают урон от обмороженных противников, а простые блоки еще и снижают им стойкость.<br><br>+$I$% оборонительной бережливости.
2118472398||runeword03_name|Обледенение III
2118472399||runeword03_desc|Обмороженные враги на $I$% медленнее восстанавливают стойкость. Когда вы ударом этого меча сломили стойкость врага, он замерзает. <br><br>+$I$% оборонительной бережливости.
2118472400||runeword04_name|Истощение I
2118472401||runeword04_desc|Каждые $I$ ед. морозного урона отнимают у врага $I$ выносливости.<br><br>+$I$% вероятности обморожения.
2118472402||runeword05_name|Истощение II
2118472403||runeword05_desc|Чем ниже выносливость обмороженного противника, тем он медленнее (до $I$%).<br><br>+$I$% вероятности обморожения.
2118472404||runeword06_name|Истощение III
2118472405||runeword06_desc|Этот меч наносит врагу $I$ дополнительных ед. морозного урона за каждую его недостающую ед. выносливости.<br><br>+$I$% вероятности обморожения.
2118472406||runeword07_name|Уничтожение I
2118472407||runeword07_desc|Каждым ударом этот меч раскаляется, и каждое очко накала повышает огненный урон на $I$ ед. Со временем меч остывает.<br><br>+$I$ ед. огненного урона.
2118472408||runeword08_name|Разрушение II
2118472409||runeword08_desc|Каждое очко накала повышает вероятность критического удара на $I$% и наступательную бережливость на $I$%.<br><br>+$I$ ед. огненного урона.
2118472410||runeword09_name|Разрушение III
2118472411||runeword09_desc|Убитый враг с вероятностью $I$% (за каждое очко накала) взорвется, нанося другим врагам вокруг $I$ ед. огненного урона. Критические удары вызовут подобный взрыв с вероятностью $I$% (за каждое очко накала).<br><br>+$I$ ед. огненного урона.
2118472412||runeword10_name|Сожжение I
2118472413||runeword10_desc|Горящие враги горят на $F$ сек. дольше от каждого удара этого меча. Если прервать корчи горящих врагов, горение возобновится.<br><br>+$I$% вероятности воспламенить.
2118472414||runeword11_name|Сожжение II
2118472415||runeword11_desc|Враги теряют до $I$% стойкости каждую секунду, пока корчатся в пламени. Пламя каждую секунду наносит на $I$ ед. урона больше.<br><br>+$I$% вероятности воспламенить.
2118472416||runeword12_name|Сожжение III
2118472417||runeword12_desc|Враги получают на $I$% больше урона за каждую секунду, которую они горели.<br><br>+$I$% вероятности воспламенить.
2118472418||runeword13_name|Преобразование I
2118472419||runeword13_desc|Бомбы перенимают действия масел, нанесенных на этот меч. Масла, помимо основного действия, еще и отравляют с вероятностью в $I$%.<br><br>+$I$ ед. ядовитого урона.
2118472420||runeword14_name|Преобразование II
2118472421||runeword14_desc|Ядовитый урон преобразуется в физический, если враг сопротивляется ядовитому урону лучше, чем физическому.<br><br>+$I$ ед. ядовитого урона.
2118472422||runeword15_name|Преобразование III
2118472423||runeword15_desc|Каждое очко отравления врага усиливает масло на $I$%.<br><br>+$I$ ед. ядовитого урона.
2118472424||runeword16_name|Травля I
2118472425||runeword16_desc|Этот меч отравляет на $I$% вероятнее за каждые $I$ ед. токсичности.<br><br>+$I$% вероятности отравления.
2118472426||runeword17_name|Травля II
2118472427||runeword17_desc|Количество очков отравления у врага больше не ограничено.<br><br>+$I$% вероятности отравления.
2118472428||runeword18_name|Травля III
2118472429||runeword18_desc|Каждое очко отравления врага снижает его сопротивляемости яду, кровотечению и увечьям на $I$% и наносит на $I$% больше урона в сек.<br><br>+$I$% вероятности отравления.
2118472430||runeword19_name|Кровопускание I
2118472431||runeword19_desc|Вы наносите на $I$ кровотечение больше с вероятностью, равной проценту здоровья противника.<br><br>+$I$% вероятности кровотечения.
2118472432||runeword20_name|Кровопускание II
2118472433||runeword20_desc|Количество очков кровотечения у врага больше не ограничено. <br><br>+$I$% вероятности кровотечения.
2118472434||runeword21_name|Кровопускание III
2118472435||runeword21_desc|Первый взмах особого тяжелого удара накладывает $I$ очков кровотечения; второй - снимает все и за каждое снятое наносит $I$ ед. урона и на $I$% повышает сопротивляемость противника кровотечению.<br><br>+$I$% вероятности кровотечения.
2118472436||runeword22_name|Отчаяние I
2118472437||runeword22_desc|Адреналин не падает ниже $I$% от недостающей доли здоровья.<br><br>Адреналин держится на $I$ сек. дольше.
2118472438||runeword23_name|Отчаяние II
2118472439||runeword23_desc|Когда заканчивается выносливость, вместо неё начинает тратиться адреналин.<br><br>Адреналин держится на $I$ сек. дольше.
2118472440||runeword24_name|Отчаяние III
2118472441||runeword24_desc|Каждое очко адреналина даёт $F$% жизнекрадства, а каждый недостающий процент здоровья - $F$% жизнекрадства.<br><br>Адреналин держится на $I$ сек. дольше.
2118472442||runeword25_name|Отражение I
2118472443||runeword25_desc|Дальность контратаки мечом увеличивается, а контратаку плечом и ногой теперь можно применять против крупных противников.<br><br>+$I$% урона контратаки.
2118472444||runeword26_name|Отражение II
2118472445||runeword26_desc|контратака сбивает противнику на $I$% больше стойкости и восполняет вам $I$% от неё.<br><br>+$I$% урона контратаки.
2118472446||runeword27_name|Отражение III
2118472447||runeword27_desc|Контратака, выполненная за мгновение до вражеского удара, приобретает $I$% от его урона.<br><br>+$I$% урона контратаки.
2118472448||runeword28_name|Электризация I
2118472449||runeword28_desc|Вероятность электризации повышается двукратно до $I$%, и теперь она оглушает врагов.<br><br>+$I$ ед. электрического урона.
2118472450||runeword29_name|Электризация II
2118472451||runeword29_desc|Этот меч наносит врагам до $I$ дополнительных ед. электрического урона в зависимости от их брони.<br><br>+$I$ ед. электрического урона.
2118472452||runeword30_name|Электризация III
2118472453||runeword30_desc|Каждый удар об наэлектризованного врага заряжает этот меч, и каждый заряд усиливает Квен на $I$% и сквозной урон на $I$%. При использовании Квена меч разряжается и электризует окружающих врагов, нанося им $I$ ед. электрического урона за каждый заряд.<br><br>+$I$ ед. электрического урона.
2118472454||runeword31_name|Упоение I
2118472455||runeword31_desc|Убийство врагов Вихрем или Разрывом восстанавливает $I$ ед. выносливости.<br><br>+$I$% наступательной бережливости.
2118472456||runeword32_name|Упоение II
2118472457||runeword32_desc|Скорость и бережливость каждого следующего удара возрастает на $I$% до первого ненаступательного действия.<br><br>+$I$% наступательной бережливости.
2118472458||runeword33_name|Упоение III
2118472459||runeword33_desc|Когда адреналин достигает $I$ ед., он начинает быстро убывать, и пока он не закончиться, время вокруг вас замедляется и выносливость не тратится.<br><br>+$I$% наступательной бережливости.
2118472460||runeword34_name|Убийство I
2118472461||runeword34_desc|Враги с полным здоровьем получают на $I$% больше урона.<br><br>+$I$% тылового урона.
2118472462||runeword35_name|Убийство II
2118472463||runeword35_desc|Тыловые удары всегда критические.<br><br>+$I$% тылового урона.
2118472464||runeword36_name|Убийство III
2118472465||runeword36_desc|Первый удар после убийства или обнажения меча наносит на $I$% больше критического урона.<br><br>+$I$% тылового урона.
2118472466||runeword37_name|Продление I
2118472467||runeword37_desc|Маcла и другие усиления меча держатся на $I$% дольше.<br><br>+$I$% восстановления энергии.
2118472468||runeword38_name|Продление II
2118472469||runeword38_desc|Знаки и их побочные действия длятся на $I$% дольше.<br><br>+$I$% восстановления энергии.
2118472470||runeword39_name|Продление III
2118472471||runeword39_desc|Меч бьёт дальше, и $I$% его урона добавлятся в виде эфирного урона.<br><br>+$I$% восстановления энергии.
2118472472||runeword40_name|Призыв I
2118472473||runeword40_desc|Выбранный знак наделяет меч стихийным уроном и побочными действиями соразмерно своей силе.<br><br>+$I$% силы знаков.
2118472474||runeword41_name|Призыв II
2118472475||runeword41_desc|При каждом вашем тяжелом ударе Сторожевой глиф также бьёт этого противника.<br><br>+$I$% силы знаков.
2118472476||runeword42_name|Призыв III
2118472477||runeword42_desc|Особые приёмы могут сопровождаться побочным действием выбранного знака. Разрыв - вероятность до $I$% в зависимости от замаха, вихрь - $I$% для каждого удара.<br><br>+$I$% силы знаков.
2118472478||runeword43_name|Непоколебимость I
2118472479||runeword43_desc|Ближнейбойный урон повышается на $F$% за каждые $I$ ед. полного здоровья окружающих противников. Урон стойкости повышается на $F$% за каждую ед. адреналина.<br><br>+$I$% устойчивости при нападении.
2118472480||runeword44_name|Непоколебимость II
2118472481||runeword44_desc|В битве против босса вы на +$I$% устойчивее, адреналин убывает на +$I$% медленнее, и чем выше полное здоровье врага, тем больше он будет получать урона, когда его стойкость сломлена.<br><br>+$I$% устойчивости при нападении.
2118472482||runeword45_name|Непоколебимость III
2118472483||runeword45_desc|Разрыв с полным замахом отнимает всю энергию и наносит до $I$% дополнительного урона с $I$% жизнекрадства.<br><br>+$I$% устойчивости при нападении.
2118472484||runeword46_name|Сокрушение I
2118472485||runeword46_desc|Вы наносите на $I$% больше урона врагам, выбитым из стойки.<br><br>+$I$% вероятности выбить из стойки.
2118472486||runeword47_name|Сокрушение II
2118472487||runeword47_desc|При стойкости выше $I$% вы сбиваете врагу на $I$% больше стойкости, однако и сами теряете $I$% стойкости при каждом ударе.<br><br>+$I$% вероятности выбить из стойки.
2118472488||runeword48_name|Сокрушение III
2118472489||runeword48_desc|При здоровье выше $I$% вы наносите на $I$% больше урона, однако и сами теряете $I$% здоровья при каждом ударе.<br><br>+$I$% вероятности выбить из стойки.
2118472490||runeword49_name|Пробой I
2118472491||runeword49_desc|Если ваш удар отразили, он всё равно может наложить пагубное воздействие; если не отразили, $I$% доли вашего сквозного урона добавляется к вашей бронебойности.<br><br>+$I$% сквозного урона.
2118472492||runeword50_name|Пробой II
2118472493||runeword50_desc|Если ваша бронебойность превышает вражескую броню, излишек добавляется к критическому урону.<br><br>+$I$% сквозного урона.
2118472494||runeword51_name|Пробой III
2118472495||runeword51_desc|Легкие удары ослабляют вражескую броню на $I$% на $I$ сек., тяжелые - на $I$% навсегда.<br><br>+$I$% сквозного урона.
2118472496||runeword52_name|Укрепление I
2118472497||runeword52_desc|Затачивание меча повышает его бронебойность на $I$%.<br><br>Вы пропускаете на $I$% меньше сквозного урона.
2118472498||runeword53_name|Укрепление II
2118472499||runeword53_desc|Этот меч не затупляется.<br><br>Вы пропускаете на $I$% меньше сквозного урона.
2118472500||runeword54_name|Укрепление III
2118472501||runeword54_desc|Убив врагов на $I$ ед. здоровья, этот меч навсегда приобретает + $I$ ед. к урону.<br><br>Вы пропускаете на $I$% меньше сквозного урона.
2118472502||runeword55_name|Изувечение I
2118472503||runeword55_desc|С каждым увечьем враг теряет $I$% бронебойности и кровоточит на $I$% дольше.<br><br>+$I$% вероятности увечья.
2118472504||runeword56_name|Изувечение II
2118472505||runeword56_desc|Добивания и расчленения приносят на $I$% больше выносливости и адреналина и на $I$% сильнее снижают воинственность.<br><br>+$I$% вероятности увечья.
2118472506||runeword57_name|Изувечение III
2118472507||runeword57_desc|Увечья наносят врагу урона на $I$% от его полного здоровья и снижают его полную стойкость на $I$%.<br><br>+$I$% вероятности увечья.
2118472508||runeword58_name|Опустошение I
2118472509||runeword58_desc|Чем больше разница между вашим здоровьем и противника, тем вероятнее критические удары (до $I$%).<br><br>+$I$% критического урона.
2118472510||runeword59_name|Опустошение II
2118472511||runeword59_desc|Для каждого отдельного врага: урон лёгких/тяжелых ударов навсегда повышает на $I$% вероятность/урон критических ударов соответственно.<br><br>+$I$% критического урона.
2118472512||runeword60_name|Опустошение III
2118472513||runeword60_desc|Если тяжелый удар, сломивший стойкость врага, окажется критическием, тот мгновенно погибает. Если легкий - наносит на $I$% больше критического урона.<br><br>+$I$% критического урона.
2118472524||redux_perfection|Безупречность
2118472525||redux_obliteration|Уничтожение
2118472526||redux_electrocution|Электризация
2118472527||item_desc_decoction_1|Вы ускоряетесь на 15% на 3 сек., когда вызываете кровотечение, и в ближнем бою наносите врагу на 2% больше урона за каждое его очко кровотечения.
2118472528||item_desc_decoction_2|Убийство восполняет 10% недостающего здоровья. Адреналин держится на 2 сек. дольше.
2118472529||item_desc_decoction_3|Вашу стойкость не сломить. При получении урона ваши устойчивость и сопротивляемость урону на 5 сек. возрастают на 5% (вплоть до 25%).
2118472530||item_desc_decoction_4|Ночью этот отвар повышает ваши скорость, урон, бережливость выносливости и силу знаков на 10%, а в полнолуние ещё и спасает от смерти, прекращая своё действие и восполняя вам 50% здоровья.
2118472531||item_desc_decoction_5|Стихийный урон снижает сопротивляемости врага к остальным видам стихийного урона. Легкие удары наносят больше урона и могут накладывать пагубные воздействия.
2118472532||item_desc_decoction_6|Вы на 20% лучше сопротивляетесь физическому урону, при уклонениях не получаете касательного урона, и в ближнем бою наносите полный урон развоплощённым призракам.
2118472533||item_desc_decoction_7|На рассвете энергия восстанавливается на 20% быстрее, на закате - выносливость на 2 очка быстрее. При высоком здоровье знаки становятся до 20% сильнее, при низком - бронебойность.
2118472534||item_desc_decoction_8|В течение 2 сек. после уклонения скорость и урон ваших ударов повышаются на 10%. Штрафы и низкой энергии, и низкой выносливости рассчитываются по тому показателю, который в данный момент выше.
2118472535||item_desc_decoction_9|Легкие удары, тяжелые удары и знаки усиливают друг друга (но не себя) и приносят соответственно 1, 2 и 3 очка усиления. Когда набирается 6 очков, следующий удар или знак усилиться на 50% и обнулит все очки.
2118472536||item_desc_decoction_10|Яд не ослабляет вас. Отравляя врагов, вы понижаете токсичность на 1. Враги, вызвавшие у вас кровотечение, отравляются.
2118472537||skill_desc_perk_20|Вы продаёте на 25% дороже и торгуетесь по заказам на 25% лучше.
2118472538|363f99b1||Избыточная токсичность отравляет и вызывает Токсическую лихорадку, которая понижает ваши скорость и восстановление выносливости. Но помните: Белый Мёд - и всё пройдет!
2118472539|6d1ad461||Тяжелые доспехи хорошо защищают и придают стойкости. Однако за всё приходится платить: они сковывают движения, требуют больше выносливости и замедляют её восстановление.
2118472540|b93269e9||Нападение с тыла наносит на 10% больше урона и на 15% повышает вероятность критического удара. Без навыка "Обострённые чувства" вы будете терять гораздо больше стойкости при блокировании тыловых ударов - так что не подставляйте спину!
2118472541|6d1ad3a6||Наточенный оселком меч или укрепленный на верстаке доспех изнашивается на 50% медленнее.
2118472542|6d1ad424||Наборы для починки продлевают жизнь вашему снаряжению. Они восполняют часть недостающей прочности, так что чем позже почините - тем больше восстановите!
2118472543|363f99c9||Вкрапленные руны и глифы можно вернуть, обратившись к любому ремесленнику.
2118472544|6d1ad408||Если разобрать предмет на составляющие, все вкрапленные руны и глифы также вернутся. Впрочем, их можно вернуть и без этого.
2118472545|363f99aa||Враги с белой полосой здоровья не поддаются стальному мечу. Доставайте серебряный - или смажьте сталь серебряницей.
2118472546|6d1ad3ca||Враги с красной полосой здоровья уязвимы к любому мечу. Зажиточный ведьмак всегда предпочтет серебро для чудовищ, а сталь - для людей и зверья.
2118472547|363f99d0||На лодке можно мгновенно переместиться к любому причалу посредством Карты Мира. Ищите лодки на побережьях и пристанях.
2118472548|6d1ad370||Гнёзда чудовищ можно разрушить бомбами Танцующая Звезда, Картечь или Самум. Впрочем, Игни справится не хуже.
2118472549|6d1ad422||С ведьмачьим снаряжением так: выковать - лишь полдела. За ним идет усовершенствование: с каждым разом показатели будут меняться всё сильнее - как и облик.
2118472550|6d1ad369||Погода имеет значение. Ясным днём воспламенить врагов проще, чем во время дождя или бури.
2118472551|6d1ad3c5||Погода имеет значение. Трупоеды - в особенности кладбищенские бабы - гораздо опаснее вечером и ночью.
2118472552|6d1ad3a7||Погода имеет значение. Оборотни гораздо опаснее ночью, и тем паче в полнолуние. При полной луне даже простые волки проворнее.
2118472553|b93269ed||Погода имеет значение. При солнечном свете архиспоры гораздо живучей.
2118472554|6d1ad445||Погода имеет значение. Сирены с утопцами обожают дождь и бурю, а вот гарпий непогода сковывает.
2118472555|6d1ad428||Погода имеет значение. Старайтесь сражаться с полудницами ночью, а с полуночницами - при свете дня.
2118472556|6d1ad440||Погода имеет значение. Враги, способные к волшебству - вроде волшебниц или суккубов - ночью становятся сильнее, а в полнолуние - и подавно.
2118472557|6d1ad409||Разрушенные гнёзда чудовищ - кладезь ценных органов, мутагенов и даже драгоценностей.
2118472558|6d1ad463||Если вы интересуетесь отварами из чудовищ, загляните к книготорговцам - там можно найти заветное знание.
2118472559|6d1ad3a5||Легендарные мечи нередко бывают в плачевном состоянии. Только мастерам кузнечного дела под силу вернуть их к жизни.
2118472560|6d1ad423||Используя более качественные ингредиенты, вы получите более качественные разновидности зелий, бомб и масел. У зелий даже могут появиться полезные побочные действия.
2118472561|6d1ad389||У любого алхимического рецепта есть основа. Простейшей основой для зелий служит алкоголь, для масел - сало, а для бомб - селитра.
2118472562|6d1ad3ab||Если зажать клавишу знака, проявится его вторая форма.
2118472563|b93269ef||Алхимия доступна во время медитации у костра или торговли с алхимиком или травником.
2118472564|6d1ad449||Чтобы вылечить увечье, наложите повязку или помедитируйте при полном здоровье.
2118472565|363f99af||Полудницы и полуночницы перестают высасывать из вас жизнь, когда вы защищены Квеном или обожгли их Серебряницей.
2118472566|6d1ad386||Первоклассные алхимические изделия требуют от каждого ингредиента наивысшего качества. Навык "Алхимическая очистка" позволяет одному ингредиенту быть качеством пониже.
2118472567|6d1ad447||Нечеловечески острые рефлексы позволяют ведьмакам отбивать стрелы мечом. А вовремя отбитые стрелы и вовсе отразятся обратно в стрелка.
2118472568|b93269f0||Враги наносят меньше урона, когда у них заканчивается выносливость. Вы можете истощить врага Аардом или Парализующим маслом, а затем своими ударами не давать ей восстановиться.
2118472569|6d1ad387||Аксий полезен и вне боя. Им можно успокаивать лошадей и других мирных животных, которые обычно вас избегают, и даже подталкивать собеседников к нужному вам решению.
2118472570|6d1ad3a8||Под водой нельзя сражаться мечом и пользоваться никакими знаками, кроме Аарда. При встрече с подводной нечистью полагайтесь на него или на свой арбалет.
2118472571|363f99d1||Берегите энергию! Каждое недостающее очко понижает ваш урон на 10% и ослабляет знаки. Но и не скупитесь: удачно примененный знак всегда оправдывает средства.
2118472572|a4b1c1ec||По миру разбросаны несколько тайников, где вы можете припрятать свои оружие и доспехи. Вещи из одного тайника всегда доступны во всех других.
2118472573|a05ae697||К востоку от Новиграда есть рунный мастер, который зачарует любой меч или доспех. Но сперва придется поднакопить - рун, глифов, а особенно деньжат.
2118472574|6d1ad3e3||Для каждого вида брони - легкой, средней и тяжелой - существуют свои отдельные наборы для починки.
2118472575|6d1ad3ad||Чтобы заморозить врага, нужно обморозить его из двух различных источников, например, бомбой Северный Ветер и Аардом с навыком "Обморожение". Замороженный противник получает больше урона.
2118472576|6d1ad3cd||Если ваши удары почти не наносят врагу урона, возможно, им недостаёт бронебойности. Используйте тяжелые удары, контратаки, едкое масло, бомбы с навыком "Подрывник", или вообще выкуйте отдельное орудие с хорошей бронебойностью на такой случай.
2118472577|363f99ce||Критические удары имеют не только больший урон, но также большую бронебойность и действенность масла.
2118472578|6d1ad3c9||Если Геральт советует осмотреться - неподалеку запрятан легендарный меч. Такие подсказки можно отключить в Настройки > Моды > W3EE > Исследование.
2118472579|363f99ae||Отравленные враги замедляются и наносят меньше урона. Кровоточащие - хуже восстанавливают выносливость и при низкой выносливости начинают кровоточить обильней.
2118472580|6d1ad425||Если интоксикация застигла вас без Белого Мёда под рукой, помедитируйте - это спасёт вам жизнь.
2118472581|363f9a0b||Если напасть на врага, одурманенного Аксием, он начнёт ему хуже поддаваться.
2118472582|6d1ad36d||Ищете лучшего покупателя для трофеев? Начните с обычных купцов. На Скеллиге цены получше, в Новиграде - кошельки потолще. А в Туссенте порядок и с тем, и с другим.
2118472583|363f99b0||Белый Мёд снимает Токсическую Лихорадку и понижает токсичность, взамен прекращая действие любых зелий. Всегда имейте его под рукой.
2118472584|363f9a0c||Иногда при ковке нового снаряжения его показатели можно менять и подстраивать их под ваш вкус.  А с правильным снаряжением и на легендарное копить уже не так грустно.
2118472585|6d1ad421||Надоели лучники и арбалетчики? Поставьте Сторожевой глиф (вторая форма Ирдена) — вблизи него можно спокойно разобраться с ближнебойными врагами.
2118472586|363f99eb||Вместо того, чтобы покупать алхимические основы, попробуйте создавать их сами из подручных средств. Поначалу выгода будет небольшой, но со временем сбережете прилично.
2118472587|363f99c8||Отборного качества в алхимии можно достигнуть даже с загрязненными ингредиентами, если уравновешивать их чистыми.
2118472588|6d1ad446||Седельные сумки лопаются от алхимических ингредиентов? Перегоняйте в эссенцию всё, что занимает много места и не содержит полезных примесей. Да и потом, готовьте впрок — это развивает алхимические навыки.
2118472589|6d1ad38b||Не получается одолеть нового врага? С зельем «Пурга» вам проще будет изучить, как он ведёт себя в бою.
2118472590|363f9a0d||Точный блок — это контратака, при котором не используются переключатели дальности. Точный блок выбивает врага из стойки и тратит стойкость как ему, так и вам. Его можно выполнять при меньшей стойкости, чем контратаку.
2118472591|6d1ad442||Огненный и морозный урон блистают в одних случаях и бесполезны в других. А вот эфирный и электрический урон более всепригодны.
2118472592|6d1ad441||Если в течение 4 сек. адреналин не повышается, он начинает падать. Сражайтесь размеренно. 
2118472593||item_name_redux_viper_steel_lvl2|Улучшенный стальной меч школы Змеи
2118472594||item_name_redux_viper_steel_lvl3|Отличный стальной меч школы Змеи
2118472595||item_name_redux_viper_steel_lvl4|Мастерский стальной меч школы Змеи
2118472596||item_name_redux_viper_steel_lvl5|Гроссмейстерский серебряный меч школы Змеи
2118472597||item_name_redux_viper_silver_lvl2|Улучшенный серебряный меч школы Змеи
2118472598||item_name_redux_viper_silver_lvl3|Отличный серебряный меч школы Змеи
2118472599||item_name_redux_viper_silver_lvl4|Мастерский серебряный меч школы Змеи
2118472600||item_name_redux_viper_silver_lvl5|Гроссмейстерский серебряный меч школы Змеи
2118472601||item_name_redux_viper_steel_sword_schematic_1|Чертёж: улучшенный стальной меч школы Змеи
2118472602||item_name_redux_viper_steel_sword_schematic_2|Чертёж: отличный стальной меч школы Змеи
2118472603||item_name_redux_viper_steel_sword_schematic_3|Чертёж: мастерский стальной меч школы Змеи
2118472604||item_name_redux_viper_steel_sword_schematic_4|Чертёж: гроссмейстерский серебряный меч школы Змеи
2118472605||item_name_redux_viper_silver_sword_schematic_1|Чертёж: улучшенный серебряный меч школы Змеи
2118472606||item_name_redux_viper_silver_sword_schematic_2|Чертёж: отличный серебряный меч школы Змеи
2118472607||item_name_redux_viper_silver_sword_schematic_3|Чертёж: мастерский серебряный меч школы Змеи
2118472608||item_name_redux_viper_silver_sword_schematic_4|Чертёж: гроссмейстерский серебряный меч школы Змеи
2118472609||skill_name_alchemy_s10|Отложенный взрыв
2118472610||skill_desc_alchemy_s10|Увеличивает задержку перед взрывом на $I$ сек.<br>Каждую секунду после падения урон бомбы, длительность её воздействия и ослабление вражеской брони от "Подрывника" возрастают на $I$%. Вес бомб повышается на $F$, дальность броска снижается на $I$%.
2118472611||skill_desc_alchemy_s11|Бомба разрывается на осколки, каждый из которых наносит $I$% изначального урона.<br>Число осколков: $I$<br>Вес бомб повышается на $F$, дальность броска снижается на $I$%.
2118472612||skill_desc_alchemy_3|Позволяет изготовлять ручные бомбы. Взрываются сами после небольшой задержки или сразу же под воздействием огня или Аарда.
2118472613|6d1ad3e4||При стрельбе из арбалета или бросании бомбы вы можете сразу метнуть снаряд (тогда выберется случайная цель), или же прицелиться самостоятельно (в этом случае задержка бомбы перед взрывом уменьшится на время прицеливания). 
2118472614||attribute_name_heal_injury_time|Исцеление увечья
2118472615||attribute_name_forcedamage|Урон Силой
2118472616||panel_mainmenu_dificulty_easy_title|Псина
2118472617||panel_mainmenu_dificulty_normal_title|Волк
2118472618||panel_mainmenu_dificulty_hard_title|Белый волк
2118472619||panel_mainmenu_dificulty_hardcore_title|Лютоволк
2118472620||panel_mainmenu_dificulty_easy_description|Для новичков, что не ищут слишком суровых приключений.
2118472621||panel_mainmenu_dificulty_normaldescription_description|Игра, какой она и задумывалась - без поблажек, без усложнений.
2118472622||panel_mainmenu_dificulty_hard_description|Для знатоков мода, что жаждут испытаний покрепче.
2118472623||panel_mainmenu_dificulty_hardcore_description|Для искушенных мазохистов, которые хочется несправедливо жестокой игры.
2118472624||Redux_EquipmentDurability|Снаряжение - Прочность
2118472625||W3EE_PPDam|Множитель стойкости - урон Игрока
2118472626||W3EE_EPDam|Множитель стойкости - урон противников
2118472627||skill_name_perk_6|Техника школы Волка
2118472628||redux_deflection|Непробиваемость
2118472629||metal_mutsorterbegin|Упорядочить мутагены
2118472630||metal_mutsorterend|Готово
	1131841|00000000||Соберите денег для рунного мастера.
	1136504|00000000||Отнесите деньги рунному мастеру.
2118472631||item_name_viper_school_steel_sword_schematic|Чертёж: стальной меч школы Змеи
2118472632||item_name_viper_school_silver_sword_schematic|Чертёж: серебряный меч школы Змеи
2118472633||panel_common_statistics_tooltip_incombat_regen|Восстановление здоровья в бою
2118472634||skill_desc_elven_set_ability1|В дальнем бою вероятность критического урона возрастает на $S$%, а урон вражеской стойкости на $S$%. Кувырки и уклонения больше не прерывают восстановление стойкости. 
2118472635||skill_desc_elven_set_ability2|С павших врагов выпадают случайные травы. В течение $S$ сек. после уклонения, кувырка или удара высокой дальности стойкость не снижается.
2118472636||skill_desc_tiger_set_ability1|Если вы ослабили сопротивляемость врага физическому урону, его бронебойность снизится на ту же величину. На закате ваши выносливость, стойкость и энергия восполняются на $S$% быстрее. 
2118472637||skill_desc_tiger_set_ability2|Навык "Подрывник" больше не ограничен первой бомбой. Пока действует Альбедо, всё ваше снаряжение, а также масло на мечах, служат на $S$% дольше. 
2118472638||W3EE_HerbAnim|Анимация - Сбор трав
2118472639||W3EE_LootingAnim|Анимация - Подбор предметов
2118472640||skill_desc_sword_s20|Адреналин убывает на $I$% медленнее.<br>Каждое очко энергии повышает вероятность критического урона на $F$%.<br>Контратаки и точные блоки не тратят стойкости, когда она ниже $I$%.
2118472641||ic_enable|Включить
2118472642||immersive_cam_enabled|Включить "Иммерсивную камеру"
2118472643||W3EE_WeightCraft|Вес - Ремесленные предметы
2118472644||panel_stash_unlimited|Неограниченно 
2118472645||skill_desc_netflix_set_ability1|$S$% образовавшегося адреналина восстанавливает энергию. При полной энергии $S$% скорости ее восстановления добавляется к скорости восстановления выносливости. 
2118472646||skill_desc_netflix_set_ability2|Наложение знака приносит $S$ ед. адреналина. Если не действует ни одного зелья, то первое выпитое усилится на $S$%. Пассивные воздействия отваров усиливаются на $S$%.
2118472647||Redux_BehScale|Агрессивность - Зависит от численности врага
2118472648||Redux_StanceAnim|Всегда двуручная стойка
2118472649||Redux_SetStamDynamic|Настройка Динамичной выносливости
2118472650||Redux_SetStamDefault|Настройка выносливости "По умолчанию"
2118472651||Redux_SetStamStrategic|Настройка Стратегической выносливости
2118472652||Redux_AttackCommit|Непрерываемость ударов
2118472653||attribute_name_toxicity_vigor_penalty|Замедление восстановления энергии из-за токсичности
2118472654||Redux_ATOff|Off
2118472655||Redux_ATHybrid|Hybrid
2118472656||Redux_ATOn|On
2118472657||Redux_LootRadius|Looting Radius
2118472658||Redux_ControlOverride|Control Hints Override
2118472659||Redux_ControlOverridePC|Keyboard
2118472660||Redux_ControlOverridePS|Playstation
2118472661||Redux_ControlOverrideXB|Xbox
2118472662||Redux_ControlOverrideSC|Steam
2118472663||Redux_ControlOverrideNA|Default
2118472664||skill_name_mutation_master|Mutant Mastery
2118472665|4c4d888d||+$S$% Mutation XP per stage.<br>+$S$% Trial of the Grasses XP per stage.<br>If <font color="#CD7D03">"Turn and Face the Strange"</font> is completed:<br>Blue - increases Vigor regeneration by 25%<br>Green - increases Toxicity drain by 50%<br>Red - increases Vitality regeneration by 20<br>Orange - increases Stamina regeneration by 20%
2118472666||skill_name_mutation_1|Specter Mutation
2118472667||skill_desc_mutation_1|Sign costs are reduced by $S$%.<br>Sign Intensity is increased by $S$%.<br>Melee damage is reduced by $S$%.
2118472668||skill_name_mutation_2|Elemental Mutation
2118472669||skill_desc_mutation_2|You no longer regenerate Vigor except when meditating.<br>Hitting enemies with melee attacks restores Vigor based on your normal regeneration rate.<br>Fast Attack: $S$ seconds worth of regeneration<br>Strong Attack: $S$ seconds worth of regeneration<br>Whirl: $S$ second worth of regeneration<br>Rend: $S$-$S$ seconds worth of regeneration
2118472670||skill_name_mutation_3|Necrophage Mutation
2118472671||skill_desc_mutation_3|Adrenaline gain is increased by 50%.<br>Adrenaline no longer degenerates.<br>Being hit will remove Adrenaline instead of adding it.
2118472672||skill_name_mutation_4|Draconid Mutation
2118472673||skill_desc_mutation_4|You no longer suffer any penalties to speed or damage from low Stamina.<br>When taking damage you lose $S$ Stamina per percentage point of Vitality lost.<br>You take up to $S$% additional damage based on your missing Stamina.
2118472674||skill_name_mutation_5|Insectoid Mutation
2118472675||skill_desc_mutation_5|Your toxicity level no longer drains except when meditating.<br>Spending Stamina and gaining Adrenaline will remove Toxicity based on your normal drain rate.<br>Per point of Stamina spent: $S$ seconds worth of drain<br>Per point of Adrenaline gained: $S$ seconds worth of drain
2118472676||skill_name_mutation_6|Relict Mutation
2118472677||skill_desc_mutation_6|You deal $S$% more Poise damage with ranged attacks against attacking or incapacitated targets.<br>You deal up to $S$% more damage with ranged attacks based on the target's missing Poise.<br>Your Defense Efficiency is reduced by $S$%.
2118472678||skill_name_mutation_7|Cursed Mutation
2118472679||skill_desc_mutation_7|You no longer regenerate Vitality except when meditating.<br>Damaging enemies that have recently damaged you will restore some of your lost Vitality based on the damage you dealt. Bonuses to Vitality Regeneration will increase the window you have to strike back.
2118472680||skill_name_mutation_8|Ogroid Mutation
2118472681||skill_desc_mutation_8|Stamina costs of defensive actions are paid with Poise.<br>You always avoid hit reaction when your Poise percentage is higher than the percent of Vitality lost.<br>You can be poisebroken by unblocked attacks.
2118472682||skill_name_mutation_9|Vampire Mutation
2118472683||skill_desc_mutation_9|Melee damage is increased by $S$%.<br>Poise costs are reduced by $S$%.<br>Stamina costs of actions are reduced by $S$%.<br>Sign costs are increased by $S$%.
2118472684||skill_name_mutation_10|Hybrid Mutation
2118472685||skill_desc_mutation_10|You can fully dodge attacks you are not normally able to, but when you do you incur additional Stamina and Poise costs.<br>Stamina regen delays after dodges are doubled.<br>You can no longer dodge while Overexerted.
2118472686||skill_name_mutation_11|Latent Activation
2118472687||skill_desc_mutation_11|Potions and Decoctions are no longer consumed when used.<br>White Honey no longer affects you.
2118472688||skill_name_mutation_12|Metamorphosis
2118472689||skill_desc_mutation_12|Gain the effects of all researched mutations.
2118472690||Redux_MutationBaseMutagen|Current base mutagen: 
2118472691||Redux_MutationNoneMutagen|None
2118472692||Redux_MutationMultMutagen|Colored mutagen costs increased by 
2118472693||Redux_Acclimation1|$I$ mutagen slots unlocked.
2118472694||Redux_Acclimation2|$I$ mutagen slots unlocked.<br>Reduces the mutagen cost of Mutations by $I$%.
2118472695||Redux_LootDestinationHorse|Horse
2118472696||Redux_LootDestinationStash|Stash
2118472697|06ae2506||Researched mutations to unlock: $I$
2118472698|a344d8bd||Researched mutations for next stage: $I$
2118472699|fb1e2184||+$S$% Mutation XP per stage.<br>+$S$% Trial of the Grasses XP per stage.<br>If <font color="#CD7D03">"Turn and Face the Strange"</font> is completed:<br>Blue - increases Vigor regeneration by 25%<br>Green - increases Toxicity drain by 50%<br>Red - increases Vitality regeneration by 20<br>Orange - increases Stamina regeneration by 20%
   1075445|00000000||Чтобы бросить бомбу, нажмите клавишу <<ThrowItem>>. Чтобы прицелиться перед броском, зажмите её.<br><br>Бомба взрывается спустя 5 сек. после того, как вы её достали. Есть три исключения.<br>Первое: если вы прицеливаетесь дольше 5 сек., бомба не взорвется у вас в руках, а начнёт искрить - это означает, что она взорвется при столкновении.<br>Второе: если в данный момент выбран знак Игни и до взрыва осталось больше 1 сек., бомба взорвется при столкновении, потратив 0,5 . энергии.<br>Третье: бомба немеденно взрывается под воздействием Игни, Аарда, взрывных болтов, огненного урона от других бомб или при столкновении с горящим врагом.
   1077685|00000000||To destroy a monster nest, strike it with the <font color="#CD7D03">Igni</font> sign.<br><br>You can also use a <font color="#CD7D03">Grapeshot</font>, <font color="#CD7D03">Samum</font> or <font color="#CD7D03">Dancing Star</font> bomb.
   1087258|00000000||You can remove upgrades and runestones from your items here.
   1087262|00000000||Once you select an item, you will be shown which upgrades it is fitted with here.<br><br>Bear in mind, however, that once you confirm your selection, <font color="#CD7D03">all</font> of this item's upgrades will be removed.
   1087266|00000000||To remove upgrades, select an item and press <<GUI_Select>>
   1087270|00000000||To remove upgrades and runestones, select an item and press <<GUI_PC_Select>>
   1114581|00000000||You can get Temerian gear by helping Vernon Roche in eastern Novigraad.
   1114589|00000000||You can get Nilfgaardian gear by working with Nilfgaardians throughout Velen. It can also be purchased from quartermaster Eggebracht at the Nilfgaardian army camp.
   1114595|00000000||New Game+ is not supported in Enhanced Edition Redux.
   1114607|00000000||You can get Skellige gear by helping Yoana at Crow's Perch.
   1131841|00000000||Acquire crowns for the Ofieri runewright.
   1136504|00000000||Give crowns to the Ofieri runewright.
   1206642|00000000||<font color="#CD7D03">Mutations</font> are a further way to personalize your experience on the Path and customize your particular playstyle. They significantly alter core gameplay mechanics and player resources, offering both powerful advantages and debilitating drawbacks.<br><br>Mutations can be unlocked in <b>any</b> order you wish. 
   1206644|00000000||Developing a mutation requires a sizeable investment of <font color="#CD7D03">greater colored mutagens</font>, though there are several means of reducing their cost. When researching a red, blue, or green mutation you can provide a <font color="#CD7D03">base</font> mutagen that matches that mutation family. Any monster mutagen will suffice, but sourcing a higher tier archmutagen will provide further savings. This base mutagen is <b>not</b> consumed during research.<br><br>The cost of a mutation is also reduced by <font color="#CD7D03">10%</font> for each connected mutation already researched.<br><br>Finally the <font color="#CD7D03">Acclimation skill</font> will also reduce research costs.
   1206650|00000000||Mutant Mastery
   1206651|00000000||<font color="#CD7D03">Mutant Mastery</font> is a <b>passive ability</b> that develops automatically as you finish research on mutations.<br><br>This mutation has several stages, each boosting your experience gain in the <font color="#CD7D03">Mutations</font> and <font color="#CD7D03">Trials of the Grasses</font> skill trees. There are 4 total stages unlocked at two, four, eight, and twelve researched mutations.<br><br>Additionally, if you manage to gain access to an advanced laboratory dealing with Witcher mutations, this ability will gain further bonuses based on the color of your equipped mutation.<br><br>Blue: +25% Vigor Regeneration<br>Green: +50% Toxicity Drain<br>Red: +20 Vitality Regeneration<br>Orange: +20% Stamina Regeneration
   1206729|00000000||In Enhanced Edition Redux, mutations are available from the start of the game.<br><br>Mutations significantly alter core game mechanics and player resources, offering both powerful advantages and debilitating drawbacks.<br><br>To learn more, open the <font color="#CD7D03">Character Panel</font>.
   1206763|00000000||Mutation Research
   1206764|00000000||Once again, any mutation can be researched first regardless of its position. For tutorial purposes, select one of the highlighted mutations.
   1206765|00000000||Mutation Research
   1206766|00000000||Once a mutation is researched, it will reduce the resarch cost of all connected mutations by 10%. The <font color="#CD7D03">Acclimation</font> skill will also reduce the required number. 
   1206771|00000000||Mutant Mastery
   1206772|00000000||<font color="#CD7D03">Mutant Mastery</font> is a passive ability that improves automatically as you develop other mutations. It will also gain additional benefits when you gain access to an advanced laboratory during <font color="#CD7D03">Turn and Face the Strange</font>.
   1206779|00000000||Mutant Mastery
   1206780|00000000||Congratulations!<br>Your <font color="#CD7D03">Mutant Mastery</font> has advanced to the next level!
   1206785|00000000||Mutation Research
   1207952|00000000||Mutations require <font color="#CD7D03">greater colored mutagens</font>. Red, blue, and green mutations can be made cheaper by possessing a monster mutagen or archmutagen of the correct family to use as a <font color="#CD7D03">base</font>. Return here with enough mutagens to unlock a mutation.
   1214082|00000000||To use mutations, first you must research them. In Enhanced Edition Redux, mutations can be researched in <font color="#CD7D03">any order</font>. However, to advance this tutorial, select one of the highlighted mutations.
   1214084|00000000||Mutations require <font color="#CD7D03">greater colored mutagens</font>. Red, blue, and green mutations can be made cheaper by possessing a monster mutagen or archmutagen of the correct family to use as a <font color="#CD7D03">base</font>. This base mutagen is not consumed. 
   1225007|00000000||You can get the Thousand Flowers set by helping elves throughout Velen and Novigraad. It can also be purchased at the Scoia'tael camp southwest of Novigraad.
   1225008|00000000||You can get the White Tiger of the West set by scavenging the shipwreck Spoils of War throughout the Skellige Isles.
   1225013|00000000||You can get the White Tiger of the West set by scavenging the shipwreck Spoils of War throughout the Skellige Isles.
